-- --------------------------------------------------------
-- Host:                         127.0.0.1
-- Versión del servidor:         8.0.41 - MySQL Community Server - GPL
-- SO del servidor:              Win64
-- HeidiSQL Versión:             12.10.0.7000
-- --------------------------------------------------------

/*!40101 SET @OLD_CHARACTER_SET_CLIENT=@@CHARACTER_SET_CLIENT */;
/*!40101 SET NAMES utf8 */;
/*!50503 SET NAMES utf8mb4 */;
/*!40103 SET @OLD_TIME_ZONE=@@TIME_ZONE */;
/*!40103 SET TIME_ZONE='+00:00' */;
/*!40014 SET @OLD_FOREIGN_KEY_CHECKS=@@FOREIGN_KEY_CHECKS, FOREIGN_KEY_CHECKS=0 */;
/*!40101 SET @OLD_SQL_MODE=@@SQL_MODE, SQL_MODE='NO_AUTO_VALUE_ON_ZERO' */;
/*!40111 SET @OLD_SQL_NOTES=@@SQL_NOTES, SQL_NOTES=0 */;


-- Volcando estructura de base de datos para pokemondb
CREATE DATABASE IF NOT EXISTS `pokemondb` /*!40100 DEFAULT CHARACTER SET utf8mb4 COLLATE utf8mb4_0900_ai_ci */ /*!80016 DEFAULT ENCRYPTION='N' */;
USE `pokemondb`;

-- Volcando estructura para vista pokemondb.cantidad_pokemons_tipo
-- Creando tabla temporal para superar errores de dependencia de VIEW
CREATE TABLE `cantidad_pokemons_tipo` (
	`Cantidad` BIGINT NOT NULL,
	`id_tipo` INT NOT NULL,
	`nombre` VARCHAR(1) NOT NULL COLLATE 'utf8mb4_0900_ai_ci'
) ENGINE=MyISAM;

-- Volcando estructura para tabla pokemondb.efecto_secundario
CREATE TABLE IF NOT EXISTS `efecto_secundario` (
  `id_efecto_secundario` int NOT NULL,
  `efecto_secundario` varchar(30) NOT NULL,
  PRIMARY KEY (`id_efecto_secundario`)
) ENGINE=InnoDB DEFAULT CHARSET=utf8mb4 COLLATE=utf8mb4_0900_ai_ci;

-- Volcando datos para la tabla pokemondb.efecto_secundario: ~12 rows (aproximadamente)
INSERT INTO `efecto_secundario` (`id_efecto_secundario`, `efecto_secundario`) VALUES
	(1, 'Bajar velocidad'),
	(2, 'Probabilidad de critico'),
	(3, 'Imposibilidad de atacar'),
	(4, 'Envenenamiento leve'),
	(5, 'Paralizar'),
	(6, 'Quemar'),
	(7, 'Congelar'),
	(8, 'Bajar ataque'),
	(9, 'Retroceso'),
	(10, 'Confusión'),
	(11, 'Bajar especial'),
	(12, 'Bajar defensa');

-- Volcando estructura para tabla pokemondb.estadisticas_base
CREATE TABLE IF NOT EXISTS `estadisticas_base` (
  `numero_pokedex` int NOT NULL,
  `ps` int NOT NULL,
  `ataque` int NOT NULL,
  `defensa` int NOT NULL,
  `especial` int NOT NULL,
  `velocidad` int NOT NULL,
  PRIMARY KEY (`numero_pokedex`),
  CONSTRAINT `estadisticas_base_ibfk_1` FOREIGN KEY (`numero_pokedex`) REFERENCES `pokemon` (`numero_pokedex`)
) ENGINE=InnoDB DEFAULT CHARSET=utf8mb4 COLLATE=utf8mb4_0900_ai_ci;

-- Volcando datos para la tabla pokemondb.estadisticas_base: ~150 rows (aproximadamente)
INSERT INTO `estadisticas_base` (`numero_pokedex`, `ps`, `ataque`, `defensa`, `especial`, `velocidad`) VALUES
	(1, 45, 49, 49, 65, 45),
	(2, 60, 62, 63, 80, 60),
	(3, 80, 82, 83, 100, 80),
	(4, 39, 52, 43, 55, 65),
	(5, 58, 64, 58, 73, 80),
	(6, 78, 84, 78, 97, 100),
	(7, 44, 48, 65, 57, 43),
	(8, 59, 63, 80, 73, 58),
	(9, 79, 83, 100, 95, 78),
	(10, 45, 30, 35, 20, 45),
	(11, 50, 20, 55, 25, 30),
	(12, 60, 45, 50, 80, 70),
	(13, 40, 35, 30, 20, 50),
	(14, 45, 25, 50, 25, 35),
	(15, 65, 80, 40, 63, 75),
	(16, 40, 45, 40, 35, 56),
	(17, 63, 60, 55, 50, 71),
	(18, 83, 80, 75, 70, 91),
	(19, 30, 56, 35, 30, 72),
	(20, 55, 81, 60, 60, 97),
	(21, 40, 60, 30, 31, 70),
	(22, 65, 90, 65, 61, 100),
	(23, 35, 60, 44, 47, 55),
	(24, 60, 85, 69, 65, 79),
	(25, 35, 55, 30, 45, 90),
	(26, 60, 90, 55, 85, 100),
	(27, 50, 75, 85, 25, 40),
	(28, 75, 100, 110, 50, 65),
	(29, 55, 47, 52, 40, 41),
	(30, 70, 62, 67, 55, 56),
	(31, 90, 82, 87, 80, 76),
	(32, 46, 57, 40, 40, 50),
	(33, 61, 72, 57, 55, 65),
	(34, 81, 82, 77, 80, 85),
	(35, 70, 45, 48, 63, 35),
	(36, 95, 70, 73, 87, 60),
	(37, 38, 41, 40, 57, 65),
	(38, 73, 76, 75, 91, 100),
	(39, 115, 45, 20, 30, 20),
	(40, 140, 70, 45, 63, 45),
	(41, 40, 45, 35, 35, 55),
	(42, 75, 80, 70, 70, 90),
	(43, 45, 50, 55, 70, 30),
	(44, 60, 65, 70, 80, 40),
	(45, 75, 80, 85, 95, 50),
	(46, 35, 70, 55, 50, 25),
	(47, 60, 95, 80, 70, 30),
	(48, 60, 55, 50, 47, 45),
	(49, 70, 65, 60, 83, 90),
	(50, 10, 55, 25, 40, 95),
	(51, 35, 80, 50, 60, 120),
	(52, 40, 45, 35, 40, 90),
	(53, 65, 70, 60, 65, 115),
	(54, 50, 52, 48, 57, 55),
	(55, 80, 82, 78, 87, 85),
	(56, 40, 80, 35, 40, 70),
	(57, 65, 105, 60, 65, 95),
	(58, 55, 70, 45, 60, 60),
	(59, 90, 110, 80, 90, 95),
	(60, 45, 49, 49, 65, 45),
	(61, 65, 65, 65, 50, 90),
	(62, 90, 85, 95, 80, 70),
	(63, 25, 20, 15, 80, 90),
	(64, 40, 35, 30, 95, 105),
	(65, 55, 50, 45, 110, 120),
	(66, 70, 80, 50, 35, 35),
	(67, 80, 100, 70, 55, 45),
	(68, 90, 130, 80, 75, 55),
	(69, 50, 75, 35, 50, 40),
	(70, 65, 90, 50, 65, 40),
	(71, 80, 105, 65, 80, 70),
	(72, 40, 40, 35, 75, 70),
	(73, 80, 70, 65, 100, 100),
	(74, 40, 80, 100, 30, 20),
	(75, 55, 95, 115, 45, 35),
	(76, 80, 110, 130, 60, 45),
	(77, 50, 85, 55, 65, 90),
	(78, 65, 100, 70, 80, 105),
	(79, 90, 65, 65, 80, 15),
	(80, 95, 75, 110, 90, 30),
	(81, 25, 35, 70, 75, 45),
	(82, 50, 60, 95, 95, 70),
	(83, 52, 65, 55, 60, 60),
	(85, 60, 110, 70, 60, 100),
	(86, 65, 45, 55, 58, 45),
	(87, 90, 70, 80, 83, 70),
	(88, 80, 80, 50, 45, 25),
	(89, 105, 105, 75, 83, 50),
	(90, 30, 65, 100, 35, 40),
	(91, 50, 95, 180, 65, 70),
	(92, 30, 35, 30, 68, 80),
	(93, 45, 50, 45, 85, 95),
	(94, 60, 65, 60, 103, 110),
	(95, 35, 45, 160, 37, 70),
	(96, 60, 48, 45, 67, 42),
	(97, 85, 73, 70, 94, 67),
	(98, 30, 105, 90, 25, 50),
	(99, 55, 130, 115, 50, 75),
	(100, 40, 30, 50, 55, 100),
	(101, 60, 50, 70, 80, 140),
	(102, 60, 40, 80, 53, 40),
	(103, 95, 95, 85, 95, 55),
	(104, 50, 50, 95, 55, 35),
	(105, 60, 80, 110, 65, 45),
	(106, 50, 120, 53, 73, 87),
	(107, 50, 105, 79, 73, 76),
	(108, 90, 55, 75, 67, 30),
	(109, 40, 65, 95, 53, 35),
	(110, 65, 90, 120, 77, 60),
	(111, 80, 85, 95, 30, 25),
	(112, 105, 130, 120, 45, 40),
	(113, 250, 5, 5, 70, 50),
	(114, 65, 55, 115, 70, 60),
	(115, 105, 95, 80, 60, 90),
	(116, 30, 40, 70, 48, 60),
	(117, 55, 65, 95, 70, 85),
	(118, 45, 67, 60, 43, 63),
	(119, 80, 92, 65, 72, 68),
	(120, 30, 45, 55, 63, 85),
	(121, 60, 75, 85, 93, 115),
	(122, 40, 45, 65, 110, 90),
	(123, 70, 110, 80, 68, 105),
	(124, 65, 50, 35, 105, 95),
	(125, 65, 83, 57, 95, 105),
	(126, 65, 95, 57, 90, 105),
	(127, 65, 125, 100, 63, 85),
	(128, 75, 100, 95, 55, 110),
	(129, 20, 10, 55, 17, 80),
	(130, 95, 125, 79, 80, 81),
	(131, 130, 85, 80, 90, 60),
	(132, 48, 48, 48, 48, 48),
	(133, 55, 55, 50, 55, 55),
	(134, 130, 65, 60, 103, 65),
	(135, 65, 65, 60, 103, 130),
	(136, 65, 130, 60, 103, 65),
	(137, 65, 60, 70, 80, 40),
	(138, 35, 40, 100, 73, 35),
	(139, 70, 60, 125, 93, 55),
	(140, 30, 80, 90, 50, 55),
	(141, 60, 115, 105, 67, 80),
	(142, 80, 105, 65, 67, 130),
	(143, 160, 110, 65, 88, 30),
	(144, 90, 85, 100, 110, 85),
	(145, 90, 90, 85, 83, 100),
	(146, 90, 100, 90, 105, 90),
	(147, 41, 64, 45, 50, 50),
	(148, 61, 84, 65, 70, 70),
	(149, 91, 134, 95, 100, 80),
	(150, 106, 110, 90, 122, 130),
	(151, 100, 100, 100, 100, 100);

-- Volcando estructura para tabla pokemondb.evoluciona_de
CREATE TABLE IF NOT EXISTS `evoluciona_de` (
  `pokemon_evolucionado` int NOT NULL,
  `pokemon_origen` int NOT NULL,
  PRIMARY KEY (`pokemon_evolucionado`,`pokemon_origen`),
  KEY `pokemon_origen` (`pokemon_origen`),
  CONSTRAINT `evoluciona_de_ibfk_1` FOREIGN KEY (`pokemon_evolucionado`) REFERENCES `pokemon` (`numero_pokedex`),
  CONSTRAINT `evoluciona_de_ibfk_2` FOREIGN KEY (`pokemon_origen`) REFERENCES `pokemon` (`numero_pokedex`)
) ENGINE=InnoDB DEFAULT CHARSET=utf8mb4 COLLATE=utf8mb4_0900_ai_ci;

-- Volcando datos para la tabla pokemondb.evoluciona_de: ~73 rows (aproximadamente)
INSERT INTO `evoluciona_de` (`pokemon_evolucionado`, `pokemon_origen`) VALUES
	(2, 1),
	(3, 2),
	(5, 4),
	(6, 5),
	(5, 6),
	(8, 7),
	(9, 8),
	(11, 10),
	(12, 11),
	(14, 13),
	(15, 14),
	(17, 16),
	(18, 17),
	(20, 19),
	(22, 21),
	(24, 23),
	(26, 25),
	(28, 27),
	(30, 29),
	(31, 30),
	(33, 32),
	(34, 33),
	(36, 35),
	(38, 37),
	(40, 39),
	(42, 41),
	(44, 43),
	(45, 44),
	(47, 46),
	(49, 48),
	(51, 50),
	(53, 52),
	(55, 54),
	(57, 56),
	(59, 58),
	(61, 60),
	(62, 61),
	(64, 63),
	(65, 64),
	(67, 66),
	(68, 67),
	(70, 69),
	(71, 70),
	(73, 72),
	(75, 74),
	(76, 75),
	(78, 77),
	(80, 79),
	(82, 81),
	(85, 84),
	(87, 86),
	(89, 88),
	(91, 90),
	(93, 92),
	(94, 93),
	(97, 96),
	(99, 98),
	(101, 100),
	(103, 102),
	(105, 104),
	(110, 109),
	(112, 111),
	(117, 116),
	(119, 118),
	(121, 120),
	(130, 129),
	(134, 133),
	(135, 133),
	(136, 133),
	(139, 138),
	(141, 140),
	(148, 147),
	(149, 148);

-- Volcando estructura para tabla pokemondb.forma_aprendizaje
CREATE TABLE IF NOT EXISTS `forma_aprendizaje` (
  `id_forma_aprendizaje` int NOT NULL AUTO_INCREMENT,
  `id_tipo_aprendizaje` int NOT NULL,
  PRIMARY KEY (`id_forma_aprendizaje`),
  KEY `id_tipo_aprendizaje` (`id_tipo_aprendizaje`),
  CONSTRAINT `forma_aprendizaje_ibfk_1` FOREIGN KEY (`id_tipo_aprendizaje`) REFERENCES `tipo_forma_aprendizaje` (`id_tipo_aprendizaje`)
) ENGINE=InnoDB AUTO_INCREMENT=118 DEFAULT CHARSET=utf8mb4 COLLATE=utf8mb4_0900_ai_ci;

-- Volcando datos para la tabla pokemondb.forma_aprendizaje: ~117 rows (aproximadamente)
INSERT INTO `forma_aprendizaje` (`id_forma_aprendizaje`, `id_tipo_aprendizaje`) VALUES
	(1, 1),
	(2, 1),
	(3, 1),
	(4, 1),
	(5, 1),
	(6, 1),
	(7, 1),
	(8, 1),
	(9, 1),
	(10, 1),
	(11, 1),
	(12, 1),
	(13, 1),
	(14, 1),
	(15, 1),
	(16, 1),
	(17, 1),
	(18, 1),
	(19, 1),
	(20, 1),
	(21, 1),
	(22, 1),
	(23, 1),
	(24, 1),
	(25, 1),
	(26, 1),
	(27, 1),
	(28, 1),
	(29, 1),
	(30, 1),
	(31, 1),
	(32, 1),
	(33, 1),
	(34, 1),
	(35, 1),
	(36, 1),
	(37, 1),
	(38, 1),
	(39, 1),
	(40, 1),
	(41, 1),
	(42, 1),
	(43, 1),
	(44, 1),
	(45, 1),
	(46, 1),
	(47, 1),
	(48, 1),
	(49, 1),
	(50, 1),
	(51, 2),
	(52, 2),
	(53, 2),
	(54, 2),
	(55, 2),
	(56, 3),
	(57, 3),
	(58, 3),
	(59, 3),
	(60, 3),
	(61, 3),
	(62, 3),
	(63, 3),
	(64, 3),
	(65, 3),
	(66, 3),
	(67, 3),
	(68, 3),
	(69, 3),
	(70, 3),
	(71, 3),
	(72, 3),
	(73, 3),
	(74, 3),
	(75, 3),
	(76, 3),
	(77, 3),
	(78, 3),
	(79, 3),
	(80, 3),
	(81, 3),
	(82, 3),
	(83, 3),
	(84, 3),
	(85, 3),
	(86, 3),
	(87, 3),
	(88, 3),
	(89, 3),
	(90, 3),
	(91, 3),
	(92, 3),
	(93, 3),
	(94, 3),
	(95, 3),
	(96, 3),
	(97, 3),
	(98, 3),
	(99, 3),
	(100, 3),
	(101, 3),
	(102, 3),
	(103, 3),
	(104, 3),
	(105, 3),
	(106, 3),
	(107, 3),
	(108, 3),
	(109, 3),
	(110, 3),
	(111, 3),
	(112, 3),
	(113, 3),
	(114, 3),
	(115, 3),
	(116, 3),
	(117, 3);

-- Volcando estructura para tabla pokemondb.forma_evolucion
CREATE TABLE IF NOT EXISTS `forma_evolucion` (
  `id_forma_evolucion` int NOT NULL,
  `tipo_evolucion` int NOT NULL,
  PRIMARY KEY (`id_forma_evolucion`),
  KEY `tipo_evolucion` (`tipo_evolucion`),
  CONSTRAINT `forma_evolucion_ibfk_1` FOREIGN KEY (`tipo_evolucion`) REFERENCES `tipo_evolucion` (`id_tipo_evolucion`)
) ENGINE=InnoDB DEFAULT CHARSET=utf8mb4 COLLATE=utf8mb4_0900_ai_ci;

-- Volcando datos para la tabla pokemondb.forma_evolucion: ~29 rows (aproximadamente)
INSERT INTO `forma_evolucion` (`id_forma_evolucion`, `tipo_evolucion`) VALUES
	(5, 1),
	(6, 1),
	(7, 1),
	(8, 1),
	(9, 1),
	(10, 1),
	(11, 1),
	(12, 1),
	(14, 1),
	(16, 1),
	(17, 1),
	(18, 1),
	(19, 1),
	(20, 1),
	(21, 1),
	(22, 1),
	(23, 1),
	(24, 1),
	(25, 1),
	(26, 1),
	(27, 1),
	(28, 1),
	(29, 1),
	(2, 2),
	(3, 2),
	(4, 2),
	(13, 2),
	(15, 2),
	(1, 3);

-- Volcando estructura para tabla pokemondb.mo
CREATE TABLE IF NOT EXISTS `mo` (
  `id_forma_aprendizaje` int NOT NULL,
  `MO` varchar(5) NOT NULL,
  PRIMARY KEY (`id_forma_aprendizaje`),
  CONSTRAINT `mo_ibfk_1` FOREIGN KEY (`id_forma_aprendizaje`) REFERENCES `forma_aprendizaje` (`id_forma_aprendizaje`)
) ENGINE=InnoDB DEFAULT CHARSET=utf8mb4 COLLATE=utf8mb4_0900_ai_ci;

-- Volcando datos para la tabla pokemondb.mo: ~5 rows (aproximadamente)
INSERT INTO `mo` (`id_forma_aprendizaje`, `MO`) VALUES
	(51, 'MO01'),
	(52, 'MO02'),
	(53, 'MO03'),
	(54, 'MO04'),
	(55, 'MO05');

-- Volcando estructura para tabla pokemondb.movimiento
CREATE TABLE IF NOT EXISTS `movimiento` (
  `id_movimiento` int NOT NULL AUTO_INCREMENT,
  `nombre` varchar(20) NOT NULL,
  `potencia` int NOT NULL,
  `precision_mov` int NOT NULL,
  `descripcion` varchar(500) NOT NULL,
  `pp` int NOT NULL,
  `id_tipo` int NOT NULL,
  `prioridad` int NOT NULL DEFAULT '0',
  PRIMARY KEY (`id_movimiento`),
  KEY `id_tipo` (`id_tipo`),
  CONSTRAINT `movimiento_ibfk_1` FOREIGN KEY (`id_tipo`) REFERENCES `tipo` (`id_tipo`)
) ENGINE=InnoDB AUTO_INCREMENT=169 DEFAULT CHARSET=utf8mb4 COLLATE=utf8mb4_0900_ai_ci;

-- Volcando datos para la tabla pokemondb.movimiento: ~164 rows (aproximadamente)
INSERT INTO `movimiento` (`id_movimiento`, `nombre`, `potencia`, `precision_mov`, `descripcion`, `pp`, `id_tipo`, `prioridad`) VALUES
	(1, 'Placaje', 40, 100, 'Causa daño', 35, 9, 0),
	(2, 'Danza espada', 0, 100, 'Aumenta en dos niveles el ataque del usuario', 30, 9, 0),
	(3, 'Burbuja', 20, 100, 'Causa daño y tiene una probabilidad del 10% de bajar la velocidad', 30, 1, 0),
	(4, 'Cascada', 80, 100, 'Causa daño', 15, 1, 0),
	(5, 'Hidrobomba', 120, 80, 'Causa daño', 5, 1, 0),
	(6, 'Martillazo', 90, 85, 'Causa daño con probabilidad de dar golpe critico(12,5%)', 10, 1, 0),
	(7, 'Pistola de agua', 40, 100, 'Causa daño', 25, 1, 0),
	(8, 'Rayo burbuja', 65, 100, 'Causa daño y tiene una probabilidad del 10% de bajar la velocidad', 20, 1, 0),
	(9, 'Refugio', 0, 100, 'Aumenta la defensa en un nivel', 40, 1, 0),
	(10, 'Surf', 95, 100, 'Causa daño', 15, 1, 0),
	(11, 'Tenaza', 35, 75, 'Causa daño durante 2-5 turnos. Imposibilidad de atacar al objetivo', 15, 1, 0),
	(12, 'Chupa vidas', 20, 100, 'Causa daño y recupera el 50% PS quitados', 15, 2, 0),
	(13, 'Disparo demora', 0, 95, 'Baja la velocidad del objetivo', 40, 2, 0),
	(14, 'Doble ataque', 25, 100, 'Causa daño golpeando dos veces. Cada golpe tiene un 20% de probabilidad de envenenar.', 20, 2, 0),
	(15, 'Pin misil', 14, 85, 'Causa daño al objetivo de 2 a 5 veces', 20, 2, 0),
	(16, 'Furia dragón', 0, 100, 'Quita siempre 40 PS al obejtivo', 10, 3, 0),
	(17, 'Impactrueno', 40, 100, 'Causa daño y tiene una probabilidad del 10% de paralizar el objetivo.', 30, 4, 0),
	(18, 'Onda trueno', 0, 100, 'Paraliza el objetivo', 20, 4, 0),
	(19, 'Puño trueno', 75, 100, 'Causa daño y tiene un 10% de paralizar el objetivo', 35, 4, 0),
	(20, 'Rayo', 95, 100, 'Causa daño y tiene un 10% de paralizar el objetivo', 15, 4, 0),
	(21, 'Trueno', 120, 70, 'Causa daño y tiene un 10% de paralizar el objetivo', 10, 4, 0),
	(23, 'Lenguetazo', 20, 100, 'Causa daño y tiene un 30% de paralizar el objetivo', 30, 5, 0),
	(24, 'Rayo confuso', 0, 100, 'Confunde al objetivo', 10, 5, 0),
	(25, 'Tinieblas', 0, 100, 'Resta la cantidad de PS equivalentes al nivel de usuario', 15, 5, 0),
	(26, 'Ascuas', 40, 100, 'Causa daño y tiene una probabilidad del 10% de quemar al objetivo', 25, 6, 0),
	(27, 'Giro fuego', 15, 100, 'Causa dañó de 2 a 5 turnos. Imposibilidad de atacar al objetivo', 15, 6, 0),
	(28, 'Lanzallamas', 95, 100, 'Causa daño y tiene una probabilidad del 10% de quemar al objetivo', 15, 6, 0),
	(29, 'Llamarada', 120, 85, 'Causa daño y tiene una probabilidad del 30% de quemar al objetivo', 5, 6, 0),
	(30, 'Puño fuego', 75, 100, 'Causa daño y tiene una probabilidad del 10% de quemar al objetivo', 15, 4, 0),
	(31, 'Neblina', 0, 0, 'Neblina evita durante 5 turnos otros pokemon puedan reducir las estadisiticas del equipo aliado', 30, 7, 0),
	(32, 'Niebla', 0, 0, 'Restaura todos los cambios, tantos positivos como negativos, en las estadisitcas de todos los pokemon.', 30, 7, 0),
	(33, 'Puño hielo', 75, 100, 'Causa daño y tiene una probabilidad del 10% de congelar al objetivo', 15, 7, 0),
	(34, 'Rayo aurora', 65, 100, 'Causa daño y tiene una probabilidad del 10% de bajar un nivel el ataque del objetivo', 20, 7, 0),
	(35, 'Rayo hielo', 95, 100, 'Causa daño y tiene una probabilidad del 10% de congelar al objetivo', 10, 7, 0),
	(36, 'Ventisca', 120, 90, 'Causa daño y tiene una probabilidad del 10% de congelar al objetivo', 5, 7, 0),
	(37, 'Contraataque', 0, 100, 'Devuelve el doble daño recibido si es un físico', 20, 8, -5),
	(38, 'Doble patada', 30, 100, 'Causa daño, golpeando 2 veces en un mismo turno', 30, 8, 0),
	(39, 'Movimiento sísmico', 0, 100, 'Resta la cantidad de PS equivalentes al nivel de usuario', 20, 8, 0),
	(40, 'Patada baja', 50, 90, 'Causa daño y tiene del 30% de retroceder al objetivo', 20, 8, 0),
	(41, 'Patada giro', 60, 85, 'Causa daño y tiene del 30% de retroceder al objetivo', 15, 8, 0),
	(42, 'Patada salto', 70, 100, 'Causa daño. Si falla, el usuario se golpea a si mismo restandole 1 PS.', 25, 8, 0),
	(43, 'Patada salto alta', 85, 90, 'Causa daño. Si falla, el usuario se golpea a si mismo restandole 1 PS.', 20, 8, 0),
	(44, 'Sumisión', 80, 80, 'Causa daño. Causa daño de retroceso al usuario de 1/4 del daño causado.', 20, 8, 0),
	(45, 'Afilar', 0, 100, 'sube el ataque del usuario en un nivel', 30, 9, 0),
	(46, 'Agarre', 55, 100, 'Causa daño.', 30, 9, 0),
	(47, 'Amortiguador', 0, 0, 'Restaura la mitad de los PS máximos del usuario', 10, 9, 0),
	(48, 'Anulación', 0, 55, 'Anula un movimiento del objetivo', 20, 9, 0),
	(49, 'Arañazo', 40, 100, 'Causa daño.', 35, 9, 0),
	(50, 'Atadura', 15, 75, 'Causa daño de 2 a 5 turnos. Imposibilidad de atacar al objetivo', 20, 9, 0),
	(51, 'Ataque arena', 0, 100, 'Baja la precisión en un nivel.', 15, 9, 0),
	(52, 'Ataque furia', 15, 85, 'Causa daño de 2 a 5 turnos.', 20, 9, 0),
	(53, 'Ataque rápido', 40, 100, 'Causa daño.', 30, 9, 1),
	(54, 'Autodestrucción', 130, 100, 'Causa daño y debilita al usuario.', 5, 9, 0),
	(55, 'Beso amoroso', 0, 75, 'Duerme al obejtivo', 10, 9, 0),
	(56, 'Bomba huevo', 100, 75, 'Causa daño', 10, 9, 0),
	(57, 'Bomba sónica', 0, 90, 'siempre quita 20 PS', 20, 9, 0),
	(58, 'Cabezazo', 100, 100, 'Se prepara durante el primer turno y ataca en el segundo', 15, 9, 0),
	(59, 'Canto', 0, 55, 'Duerme al objetivo.', 15, 9, 0),
	(60, 'Chirrido', 0, 85, 'Baja en dos niveles la defensa del objetivo.', 40, 9, 0),
	(61, 'Clavo cañón', 20, 100, 'Causa daño de 2 a 5 turnos.', 15, 9, 0),
	(62, 'Conversión', 0, 0, 'Cambia el tipo del usuario del oponente', 30, 9, 0),
	(63, 'Cornada', 65, 100, 'Causa daño.', 25, 9, 0),
	(64, 'Corte', 50, 100, 'Causa daño.', 30, 9, 0),
	(65, 'Cuchillada', 70, 100, 'Causa daño y tiene una alta probabilidad de causar un golpe crítico (12,5%).', 20, 9, 0),
	(66, 'Derribo', 90, 85, 'Causa daño. Causa daño de retroceso al usuario de 1/4 del daño causado ', 20, 9, 0),
	(67, 'Desarrollo', 0, 0, 'Aumenta en un nivel el especial del usuario.', 40, 9, 0),
	(68, 'Deslumbrar', 0, 100, 'Provoca paralisis al objetivo.', 30, 9, 0),
	(69, 'Destello', 0, 100, 'Baja un nivel la precisición del oponente.', 20, 9, 0),
	(70, 'Destructor', 40, 100, 'Causa daño.', 35, 9, 0),
	(71, 'Día de pago', 40, 100, 'Causa daño. Se esparcen monedas que se recogen al final del combate', 20, 9, 0),
	(72, 'Doble equipo', 0, 0, 'Aumenta en un nivel la evasión del usuario.', 15, 9, 0),
	(73, 'Doble filo', 100, 100, 'Causa daño. Causa daño de retroceso al usuario de 1/4 del daño causado.', 15, 9, 0),
	(74, 'Doblebofetón', 15, 85, 'Causa daño de 2 a 5 turnos.', 10, 9, 0),
	(75, 'Explosión', 170, 100, 'Causa daño y debilita al usuario.', 5, 9, 0),
	(76, 'Foco energía', 0, 0, 'Aumenta la probabilidad asestar golpes criticos.', 40, 9, 0),
	(77, 'Fortaleza', 0, 0, 'Aumenta en un nivel la defensa del usuario.', 30, 9, 0),
	(78, 'Fuerza', 80, 100, 'Causa daño.', 15, 9, 0),
	(79, 'Furia', 20, 100, 'Causa daño. No puede cambiar de movimiento.', 20, 9, 0),
	(80, 'Golpe', 90, 100, 'Causa daño entre 3 o 4 turnos seguidos. El usuario termina confundido.', 20, 9, 0),
	(81, 'Golpe cabeza', 70, 100, 'Causa daño y tiene una probabilidad del 30% de hacer retroceder.', 15, 9, 0),
	(82, 'Golpe cuerpo', 85, 100, 'Causa daño y tiene una probabilidad del 30% de paralizar el objetivo.', 15, 9, 0),
	(83, 'Golpe kárate', 50, 100, 'Causa daño y tiene un alto índice de golpe crítico.', 25, 9, 0),
	(84, 'Golpes furia', 50, 100, 'Causa daño de 2 a 5 turnos.', 15, 9, 0),
	(85, 'Gruñido', 0, 100, 'Baja un nivel el ataque del objetivo.', 40, 9, 0),
	(86, 'Guillotina', 0, 30, 'Si acierta, provoca KO en un turno.', 5, 9, 0),
	(87, 'Hipercolmillo', 80, 90, 'Causa daño y tiene un una probabilidad del 10% de hacer retroceder al objetivo.', 15, 9, 0),
	(88, 'Hiperrayo', 150, 90, 'Causa daño. No podra moverse en el segundo turno.', 5, 9, 0),
	(89, 'Látigo', 0, 100, 'Baja en un nivel la defensa del oponente.', 30, 9, 0),
	(90, 'Malicioso', 0, 100, 'Baja en un nivel la defensa del oponente.', 30, 9, 0),
	(91, 'Megapatada', 120, 75, 'Causa daño.', 5, 9, 0),
	(92, 'MegaPuño', 80, 85, 'Causa daño.', 20, 9, 0),
	(93, 'Metrónomo', 0, 0, 'Utiliza un movimiento al azar.', 15, 9, 0),
	(94, 'Mimético', 0, 0, 'Permite al usuario elegir uno de los movimientos del objetivo y copiarlo.', 25, 9, 0),
	(95, 'Mordisco', 60, 100, 'Causa daño y tiene una probabilidad del 10% de hacer retroceder.', 25, 9, 0),
	(96, 'Pantalla de humo', 0, 100, 'Baja en un nivel la precisión del oponente.', 20, 9, 0),
	(97, 'Perforador', 0, 30, 'Si acierta, provoca KO en un turno.', 5, 9, 0),
	(98, 'Pisotón', 65, 100, 'Causa daño y tiene una probabilidad del 30% de hacer retroceder.', 20, 9, 0),
	(100, 'Atizar', 80, 75, 'Causa daño.', 20, 9, 0),
	(101, 'Presa', 50, 100, 'Causa daño de 2 a 5 turnos.', 20, 9, 0),
	(102, 'Puño cometa', 18, 85, 'Causa daño de 2 a 5 turnos.', 15, 9, 0),
	(103, 'Rapidez', 60, 0, 'Causa daño. No falla.', 20, 9, 0),
	(104, 'Recuperación', 0, 0, 'Restaura la mitad de los PS máximos del usuario', 20, 9, 0),
	(105, 'Reducción', 0, 0, 'Aumenta la evasión del usuario en un nivel.', 10, 9, 0),
	(106, 'Remolino', 0, 85, 'Ahuyenta a los pokemon salvajes.', 20, 9, 0),
	(107, 'Constricción', 15, 85, 'Causa daño de 2 a 5 turnos. Imposibilidad de atacar al objetivo', 20, 9, 0),
	(109, 'Rizo de defensa', 0, 100, 'Aumenta en un nivel la defensa del usuario.', 40, 9, 0),
	(110, 'Rugido', 0, 0, 'Ahuyenta a los pokemon salvajes.', 20, 9, -6),
	(111, 'Salpicadura', 0, 0, 'No tiene ningún efecto.', 40, 9, 0),
	(112, 'Superdiente', 0, 90, 'Quita al objetivo la mitad de sus PS actuales.', 10, 9, 0),
	(113, 'Supersónico', 0, 55, 'Confunde al objetivo.', 20, 9, 0),
	(114, 'Sustituto', 0, 0, 'Crea un sustituo con el 25% de los PS maximos del usuario para que reciba el daño de los movimientos', 10, 9, 0),
	(115, 'Tornado', 40, 100, 'Causa daño.', 35, 9, 0),
	(116, 'Transformación', 0, 0, 'Convierte al usuario en el Pokémon objetivo, copiando su tipo, sus movimientos, habilidad, su ratio de captura, sus estadísticas y cambios en las mismas.', 10, 9, 0),
	(117, 'Triataque', 80, 100, 'Causa daño. Tiene un 20% de provocar quemaduras, paralisis o congelación', 10, 9, 0),
	(118, 'Venganza', 0, 0, ' Hace que el usuario se mantenga inmóvil durante 2-3 turnos seguidos, sin poder realizar ninguna acción, para después devolver el doble del daño recibido. El movimiento falla si el usuario no resulta dañado por el enemigo.', 10, 9, 0),
	(119, 'Viento cortante', 80, 75, 'carga en el primer turno que es efectuado, creando un remolino. En el segundo turno, causa daño.', 10, 9, 0),
	(120, 'Absorber', 20, 100, 'Causa daño y el usuario recupera el 50% de los PS quitados por el movimiento al objetivo', 20, 10, 0),
	(121, 'Danza pétalo', 70, 100, 'Causa daño entre 3 o 4 turnos seguidos. El usuario termina confundido.', 20, 10, 0),
	(122, 'Drenadoras', 0, 90, 'Planta tres semillas en el oponente, las cuales le roban 1/16 de sus PS máximos al final de cada turno. El usuario recupera esa misma cantidad de PS. Si el usuario es cambiado, el Pokémon que pase a ocupar su lugar recibirá esos puntos de salud. El efecto se pasa al cambiar el Pokémon infectado por drenadoras. Drenadoras no afecta a Pokémon de tipo planta.', 10, 10, 0),
	(123, 'Espora', 0, 100, 'Duerme al objetivo.', 15, 10, 0),
	(124, 'Hoja afilada', 55, 95, 'Causa daño y tiene una alta probabilidad de dar un golpe crítico (12,5%).', 25, 10, 0),
	(125, 'Látigo cepa', 35, 100, 'Causa daño.', 25, 10, 0),
	(126, 'Megaagotar', 45, 100, 'Causa daño y el usuario recupera el 50% de los PS quitados por el movimiento al objetivo', 15, 10, 0),
	(127, 'Paralizador', 0, 75, 'Paraliza al objetivo', 30, 10, 0),
	(128, 'Rayo solar', 120, 100, 'utiliza este movimiento concentra la energía solar un turno, para liberar un rayo que causa daño en el siguiente turno.', 10, 10, 0),
	(129, 'Somnífero', 0, 75, 'Duerme al objetivo', 15, 10, 0),
	(130, 'Agilidad', 0, 0, 'Sube en dos niveles la velocidad del usuario.', 30, 11, 0),
	(131, 'Amnesia', 0, 0, 'Aumenta en dos niveles el especial del usuario', 20, 11, 0),
	(132, 'Barrera', 0, 0, 'Aumneta en dos niveles la defensa del usuario.', 30, 11, 0),
	(133, 'Comesueños', 100, 100, 'Causa daño a un objetivo dormido y el usuario recupera el 50% de los PS quitados por movimiento al objetivo.', 15, 11, 0),
	(134, 'Confusión', 50, 100, 'Causa daño y tiene una probabilidad del 10% de confundir al objetivo.', 25, 11, 0),
	(135, 'Descanso', 0, 0, 'hace que el usuario se duerma y recupere la totalidad de los PS, curando en el proceso cualquier problema de estado. El usuario después permanece dormido durante 2 turnos.', 10, 11, 0),
	(136, 'Hipnosis', 0, 60, 'Duerme al objetivo.', 20, 11, 0),
	(137, 'Kinético', 0, 80, 'Baja la precisión del objetivo en un nivel.', 15, 11, 0),
	(138, 'Meditación', 0, 0, 'aumenta un nivel el ataque del usuario.', 40, 11, 0),
	(139, 'Pantalla de luz', 0, 0, 'Dobla la defensa especial del usuario.', 30, 11, 0),
	(140, 'Psicoonda', 0, 80, 'Causa un daño variable al oponente, elegido al azar de un número entre 0,5 y 1,5 veces el nivel del usuario.', 15, 11, 0),
	(141, 'Psicorrayo', 65, 60, 'Causa daño y tiene una probabilidad del 10% de confundir al objetivo.', 20, 11, 0),
	(142, 'Psíquico', 90, 100, 'Causa daño y tiene una probabilidad del 30% de bajar en un nivel el especial del objetivo.', 20, 11, 0),
	(143, 'Reflejo', 0, 0, 'Dobla la defensa física del usuario.', 20, 11, 0),
	(144, 'Teletransporte', 0, 0, 'Permite huir de combates individuales.', 20, 11, 0),
	(145, 'Avalancha', 75, 90, 'Causa daño.', 10, 12, 0),
	(146, 'Lanzarocas', 50, 65, 'Causa daño.', 15, 12, 0),
	(147, 'Excavar', 100, 100, 'Cava en el primer turno y el segundo turno ataca.', 10, 13, 0),
	(148, 'Fisura', 0, 30, 'Si acierta, provoca un golpe fulminante.', 5, 13, 0),
	(149, 'Hueso palo', 65, 85, 'Causa daño y tiene una probabilidad del 10% de hacer retroceder al objetivo.', 20, 13, 0),
	(150, 'Huesomerang', 50, 90, 'Causa daño, golpeando al objetivo en un mismo turno.', 10, 13, 0),
	(151, 'Terremoto', 100, 100, 'Causa daño.', 10, 13, 0),
	(152, 'Ácido', 40, 100, 'Causa daño y tiene una probabilidad deñ 10% de bajar un nivel la defensa del objetivo.', 30, 14, 0),
	(153, 'Armadura ácida', 0, 0, 'Sube en dos niveles la defensa del usuario.', 20, 14, 0),
	(154, 'Gas venenoso', 0, 55, 'Envenena al objetivo', 40, 14, 0),
	(155, 'Picotazo venenoso', 15, 100, 'Causa daño y tiene una probabilidad del 30% de envenenar al oponente.', 35, 14, 0),
	(156, 'Polución', 20, 70, 'Causa daño y tiene una probabilidad del 40% de envenar al objetivo.', 20, 14, 0),
	(157, 'Polvo veneno', 0, 75, 'Envenena al objetivo', 35, 14, 0),
	(158, 'Residuos', 65, 100, 'Causa daño y tiene una probabilidad del 30% de envenenar al objetivo.', 20, 14, 0),
	(159, 'Tóxico', 0, 85, 'provoca un grave envenenamiento que se agrava con el paso de los turnos.', 10, 14, 0),
	(160, 'Ataque aéreo', 140, 90, 'Se prepara durante el primer turno. En el segundo turno causa daño al objetivo.', 5, 15, 0),
	(161, 'Ataque ala', 35, 100, 'Causa daño.', 35, 15, 0),
	(162, 'Movimiento espejo', 0, 0, 'Utiliza el último ataque usado que haya tenido al usuario por objetivo. ', 20, 15, 0),
	(164, 'Pico taladro', 80, 100, 'Causa daño.', 20, 15, 0),
	(165, 'Picotazo', 35, 100, 'Causa daño.', 35, 15, 0),
	(166, 'Vuelo', 70, 100, ' emplea dos turnos: en el primero, el Pokémon vuela muy alto, tanto que estará fuera del alcance de la mayoría de los movimientos. En el segundo turno ocurre la caída del vuelo, en la cual el Pokémon golpea al oponente, pero puede ser interrumpida de muchas maneras.', 15, 15, 0),
	(167, 'Restricción', 10, 100, 'Restricción causa daño y tiene una probabilidad del 10% de bajar un nivel la velocidad del oponente.', 35, 9, 0),
	(168, 'Puño mareo', 70, 100, 'Causa daño y tiene una probabilidad del 20% de confundir al objetivo.', 10, 9, 0);

-- Volcando estructura para tabla pokemondb.movimiento_efecto_secundario
CREATE TABLE IF NOT EXISTS `movimiento_efecto_secundario` (
  `id_movimiento` int NOT NULL,
  `id_efecto_secundario` int NOT NULL,
  `probabilidad` double NOT NULL,
  PRIMARY KEY (`id_movimiento`,`id_efecto_secundario`),
  KEY `id_efecto_secundario` (`id_efecto_secundario`),
  CONSTRAINT `movimiento_efecto_secundario_ibfk_1` FOREIGN KEY (`id_movimiento`) REFERENCES `movimiento` (`id_movimiento`),
  CONSTRAINT `movimiento_efecto_secundario_ibfk_2` FOREIGN KEY (`id_efecto_secundario`) REFERENCES `efecto_secundario` (`id_efecto_secundario`)
) ENGINE=InnoDB DEFAULT CHARSET=utf8mb4 COLLATE=utf8mb4_0900_ai_ci;

-- Volcando datos para la tabla pokemondb.movimiento_efecto_secundario: ~42 rows (aproximadamente)
INSERT INTO `movimiento_efecto_secundario` (`id_movimiento`, `id_efecto_secundario`, `probabilidad`) VALUES
	(3, 1, 10),
	(6, 1, 12.5),
	(8, 1, 10),
	(11, 3, 100),
	(14, 4, 20),
	(17, 5, 10),
	(19, 5, 10),
	(20, 5, 10),
	(21, 5, 10),
	(23, 5, 30),
	(26, 6, 10),
	(27, 3, 100),
	(28, 6, 10),
	(29, 6, 30),
	(30, 6, 10),
	(33, 7, 10),
	(34, 8, 10),
	(35, 8, 10),
	(36, 8, 10),
	(40, 9, 30),
	(41, 9, 30),
	(65, 2, 12.5),
	(81, 9, 30),
	(82, 5, 30),
	(83, 2, 12.5),
	(87, 9, 10),
	(95, 9, 10),
	(98, 9, 30),
	(107, 3, 100),
	(117, 5, 20),
	(117, 6, 20),
	(117, 7, 20),
	(124, 2, 12.5),
	(141, 10, 10),
	(142, 11, 30),
	(149, 12, 10),
	(152, 11, 10),
	(155, 4, 30),
	(156, 4, 40),
	(158, 4, 30),
	(167, 1, 10),
	(168, 10, 20);

-- Volcando estructura para tabla pokemondb.mt
CREATE TABLE IF NOT EXISTS `mt` (
  `id_forma_aprendizaje` int NOT NULL,
  `MT` varchar(5) NOT NULL,
  PRIMARY KEY (`id_forma_aprendizaje`),
  CONSTRAINT `mt_ibfk_1` FOREIGN KEY (`id_forma_aprendizaje`) REFERENCES `forma_aprendizaje` (`id_forma_aprendizaje`)
) ENGINE=InnoDB DEFAULT CHARSET=utf8mb4 COLLATE=utf8mb4_0900_ai_ci;

-- Volcando datos para la tabla pokemondb.mt: ~50 rows (aproximadamente)
INSERT INTO `mt` (`id_forma_aprendizaje`, `MT`) VALUES
	(1, 'MT01'),
	(2, 'MT02'),
	(3, 'MT03'),
	(4, 'MT04'),
	(5, 'MT05'),
	(6, 'MT06'),
	(7, 'MT07'),
	(8, 'MT08'),
	(9, 'MT09'),
	(10, 'MT10'),
	(11, 'MT11'),
	(12, 'MT12'),
	(13, 'MT13'),
	(14, 'MT14'),
	(15, 'MT15'),
	(16, 'MT16'),
	(17, 'MT17'),
	(18, 'MT18'),
	(19, 'MT19'),
	(20, 'MT20'),
	(21, 'MT21'),
	(22, 'MT22'),
	(23, 'MT23'),
	(24, 'MT24'),
	(25, 'MT25'),
	(26, 'MT26'),
	(27, 'MT27'),
	(28, 'MT28'),
	(29, 'MT29'),
	(30, 'MT30'),
	(31, 'MT31'),
	(32, 'MT32'),
	(33, 'MT33'),
	(34, 'MT34'),
	(35, 'MT35'),
	(36, 'MT36'),
	(37, 'MT37'),
	(38, 'MT38'),
	(39, 'MT39'),
	(40, 'MT40'),
	(41, 'MT41'),
	(42, 'MT42'),
	(43, 'MT43'),
	(44, 'MT44'),
	(45, 'MT45'),
	(46, 'MT46'),
	(47, 'MT47'),
	(48, 'MT48'),
	(49, 'MT49'),
	(50, 'MT50');

-- Volcando estructura para tabla pokemondb.nivel_aprendizaje
CREATE TABLE IF NOT EXISTS `nivel_aprendizaje` (
  `id_forma_aprendizaje` int NOT NULL,
  `nivel` int NOT NULL,
  PRIMARY KEY (`id_forma_aprendizaje`),
  CONSTRAINT `nivel_aprendizaje_ibfk_1` FOREIGN KEY (`id_forma_aprendizaje`) REFERENCES `forma_aprendizaje` (`id_forma_aprendizaje`)
) ENGINE=InnoDB DEFAULT CHARSET=utf8mb4 COLLATE=utf8mb4_0900_ai_ci;

-- Volcando datos para la tabla pokemondb.nivel_aprendizaje: ~62 rows (aproximadamente)
INSERT INTO `nivel_aprendizaje` (`id_forma_aprendizaje`, `nivel`) VALUES
	(56, 1),
	(57, 7),
	(58, 13),
	(59, 20),
	(60, 27),
	(61, 34),
	(62, 41),
	(63, 48),
	(64, 22),
	(65, 30),
	(66, 38),
	(67, 46),
	(68, 54),
	(69, 43),
	(70, 55),
	(71, 65),
	(72, 9),
	(73, 15),
	(74, 24),
	(75, 33),
	(76, 42),
	(77, 56),
	(78, 36),
	(79, 8),
	(80, 28),
	(81, 35),
	(82, 31),
	(83, 39),
	(84, 47),
	(85, 52),
	(86, 12),
	(87, 16),
	(88, 17),
	(89, 21),
	(90, 26),
	(91, 32),
	(92, 25),
	(93, 5),
	(94, 19),
	(95, 44),
	(96, 40),
	(97, 49),
	(98, 14),
	(99, 23),
	(100, 29),
	(101, 10),
	(102, 50),
	(103, 37),
	(104, 51),
	(105, 59),
	(106, 18),
	(107, 45),
	(108, 11),
	(109, 53),
	(110, 60),
	(111, 64),
	(112, 58),
	(113, 63),
	(114, 66),
	(115, 70),
	(116, 75),
	(117, 81);

-- Volcando estructura para tabla pokemondb.nivel_evolucion
CREATE TABLE IF NOT EXISTS `nivel_evolucion` (
  `id_forma_evolucion` int NOT NULL,
  `nivel` int NOT NULL,
  PRIMARY KEY (`id_forma_evolucion`),
  CONSTRAINT `nivel_evolucion_ibfk_1` FOREIGN KEY (`id_forma_evolucion`) REFERENCES `forma_evolucion` (`id_forma_evolucion`)
) ENGINE=InnoDB DEFAULT CHARSET=utf8mb4 COLLATE=utf8mb4_0900_ai_ci;

-- Volcando datos para la tabla pokemondb.nivel_evolucion: ~23 rows (aproximadamente)
INSERT INTO `nivel_evolucion` (`id_forma_evolucion`, `nivel`) VALUES
	(5, 7),
	(6, 10),
	(7, 16),
	(8, 18),
	(9, 20),
	(10, 22),
	(11, 32),
	(12, 36),
	(14, 21),
	(16, 24),
	(17, 31),
	(18, 26),
	(19, 28),
	(20, 33),
	(21, 25),
	(22, 30),
	(23, 40),
	(24, 37),
	(25, 34),
	(26, 38),
	(27, 35),
	(28, 42),
	(29, 55);

-- Volcando estructura para tabla pokemondb.piedra
CREATE TABLE IF NOT EXISTS `piedra` (
  `id_forma_evolucion` int NOT NULL,
  `id_tipo_piedra` int DEFAULT NULL,
  PRIMARY KEY (`id_forma_evolucion`),
  KEY `id_tipo_piedra` (`id_tipo_piedra`),
  CONSTRAINT `piedra_ibfk_1` FOREIGN KEY (`id_tipo_piedra`) REFERENCES `tipo_piedra` (`id_tipo_piedra`),
  CONSTRAINT `piedra_ibfk_2` FOREIGN KEY (`id_forma_evolucion`) REFERENCES `forma_evolucion` (`id_forma_evolucion`)
) ENGINE=InnoDB DEFAULT CHARSET=utf8mb4 COLLATE=utf8mb4_0900_ai_ci;

-- Volcando datos para la tabla pokemondb.piedra: ~5 rows (aproximadamente)
INSERT INTO `piedra` (`id_forma_evolucion`, `id_tipo_piedra`) VALUES
	(2, 1),
	(3, 2),
	(4, 3),
	(13, 4),
	(15, 5);

-- Volcando estructura para tabla pokemondb.pokemon
CREATE TABLE IF NOT EXISTS `pokemon` (
  `numero_pokedex` int NOT NULL AUTO_INCREMENT,
  `nombre` varchar(15) NOT NULL,
  `peso` double NOT NULL,
  `altura` double NOT NULL,
  PRIMARY KEY (`numero_pokedex`)
) ENGINE=InnoDB AUTO_INCREMENT=152 DEFAULT CHARSET=utf8mb4 COLLATE=utf8mb4_0900_ai_ci;

-- Volcando datos para la tabla pokemondb.pokemon: ~151 rows (aproximadamente)
INSERT INTO `pokemon` (`numero_pokedex`, `nombre`, `peso`, `altura`) VALUES
	(1, 'Bulbasaur', 6.9, 0.7),
	(2, 'Ivysaur', 13, 1),
	(3, 'Venasaur', 100, 2),
	(4, 'Charmander', 8.5, 0.6),
	(5, 'Charmeleon', 19, 1.1),
	(6, 'Charizard', 90.5, 1.7),
	(7, 'Squirtle', 9, 0.5),
	(8, 'Wartortle', 22.5, 1),
	(9, 'Blastoise', 85.5, 1.6),
	(10, 'Caperpie', 2.9, 0.3),
	(11, 'Metapod', 9.9, 0.7),
	(12, 'Butterfree', 32, 1.1),
	(13, 'Weedle', 3.2, 0.3),
	(14, 'Kakuna', 10, 0.6),
	(15, 'Beedrill', 29.5, 1),
	(16, 'Pidgey', 1.8, 0.3),
	(17, 'Pidgeotto', 30, 1.1),
	(18, 'Pidgeot', 39.5, 1.5),
	(19, 'Rattata', 3.5, 0.3),
	(20, 'Raticate', 18.5, 0.7),
	(21, 'Spearow', 2, 0.3),
	(22, 'Fearow', 38, 1.2),
	(23, 'Ekans', 6.9, 2),
	(24, 'Arbok', 65, 3.5),
	(25, 'Pikachu', 6, 0.4),
	(26, 'Raichu', 30, 0.8),
	(27, 'Sandshrew', 12, 0.6),
	(28, 'Sandslash', 29.5, 1),
	(29, 'Nidoran♀', 7, 0.4),
	(30, 'Nidorina', 20, 0.8),
	(31, 'Nidoqueen', 60, 1.3),
	(32, 'Nidoran♂', 9, 0.5),
	(33, 'Nidorino', 19.5, 0.9),
	(34, 'Nidoking', 62, 1.4),
	(35, 'Clefairy', 7.5, 0.6),
	(36, 'Clefable', 40, 1.3),
	(37, 'Vulpix', 9.9, 0.6),
	(38, 'Ninetales', 19.9, 1.1),
	(39, 'Jigglypuff', 5.5, 0.5),
	(40, 'Wigglytuff', 12, 1),
	(41, 'Zubat', 7.5, 0.8),
	(42, 'Golbat', 55, 1.6),
	(43, 'Oddish', 5.4, 0.5),
	(44, 'Gloom', 8.6, 0.8),
	(45, 'Vileplume', 18.6, 1.2),
	(46, 'Paras', 5.4, 0.3),
	(47, 'Parasect', 29.5, 1),
	(48, 'Venonat', 30, 1),
	(49, 'Venomoth', 12.5, 1.5),
	(50, 'Digglet', 0.8, 0.2),
	(51, 'Dugtrio', 33.3, 0.7),
	(52, 'Meowth', 4.2, 0.4),
	(53, 'Persian', 32, 1),
	(54, 'Psyduck', 19.6, 0.8),
	(55, 'Golduck', 76.6, 1.7),
	(56, 'Mankey', 28, 0.5),
	(57, 'Primeape', 32, 1),
	(58, 'Growlithe', 19, 0.7),
	(59, 'Arcanine', 155, 1.9),
	(60, 'Poliwag', 12.4, 0.6),
	(61, 'Poliwhirl', 20, 1),
	(62, 'Poliwrath', 54, 1.3),
	(63, 'Abra', 19.5, 0.9),
	(64, 'Kadabra', 56.5, 1.3),
	(65, 'Alakazam', 48, 1.5),
	(66, 'Machop', 19.5, 0.8),
	(67, 'Mackoke', 70.5, 1.5),
	(68, 'Machamp', 130, 1.6),
	(69, 'Bellsprout', 4, 0.7),
	(70, 'Weepinbell', 6.4, 1),
	(71, 'Victreebel', 15.5, 1.7),
	(72, 'Tentacool', 45.5, 0.9),
	(73, 'Tentacruel', 55, 1.6),
	(74, 'Geodude', 20, 0.4),
	(75, 'Graveler', 105, 1),
	(76, 'Golem', 300, 1.4),
	(77, 'Ponyta', 30, 1),
	(78, 'Rapidash', 95, 1.7),
	(79, 'Slowpoke', 36, 1.2),
	(80, 'Slowbro', 78.5, 1.6),
	(81, 'Magnemite', 6, 0.3),
	(82, 'Magneton', 60, 1),
	(83, 'Farfetch\'d', 15, 0.8),
	(84, 'Doduo', 39.2, 1.4),
	(85, 'Dodrio', 85.2, 1.8),
	(86, 'Seel', 90, 1.1),
	(87, 'Dewgong', 120, 1.7),
	(88, 'Grimer', 30, 0.9),
	(89, 'Muk', 30, 1.2),
	(90, 'Shellder', 4, 0.3),
	(91, 'Cloyster', 132.5, 1.5),
	(92, 'Gastly', 0.1, 1.3),
	(93, 'Haunter', 0.1, 1.6),
	(94, 'Gengar', 40.5, 1.5),
	(95, 'Onix', 210, 8.8),
	(96, 'Drowzee', 32.4, 1),
	(97, 'Hypno', 75.6, 1.6),
	(98, 'Krabby', 6.5, 0.4),
	(99, 'Kingler', 60, 1.3),
	(100, 'Voltorb', 10.4, 0.5),
	(101, 'Electrode', 66.6, 1.2),
	(102, 'Exeggcute', 2.5, 0.4),
	(103, 'Exeggutor', 120, 2),
	(104, 'Cubone', 6.5, 0.4),
	(105, 'Marowak', 45, 1),
	(106, 'Hitmonlee', 49.8, 1.5),
	(107, 'Hitmonchan', 50.2, 1.4),
	(108, 'Lickitung', 65, 1.2),
	(109, 'Koffing', 1, 0.6),
	(110, 'Weezing', 9.5, 1.2),
	(111, 'Rhyhorn', 115, 1),
	(112, 'Rhydon', 120, 1.9),
	(113, 'Chansey', 34.6, 1.1),
	(114, 'Tangela', 35, 1),
	(115, 'Kangaskhan', 80, 2.2),
	(116, 'Horsea', 8, 0.4),
	(117, 'Seadra', 25, 1.2),
	(118, 'Goldeen', 15, 0.6),
	(119, 'Seaking', 39, 1.3),
	(120, 'Staryu', 34.5, 0.8),
	(121, 'Starmie', 80, 1.1),
	(122, 'Mr. Mime', 54.5, 1.3),
	(123, 'Scyther', 56, 1.5),
	(124, 'Jynx', 40.6, 1.4),
	(125, 'Electabuzz', 30, 1.1),
	(126, 'Magmar', 44.5, 1.3),
	(127, 'Pinsir', 55, 1.5),
	(128, 'Tauros', 88.4, 1.4),
	(129, 'Magikarp', 10, 0.9),
	(130, 'Gyarados', 235, 6.5),
	(131, 'Lapras', 220, 2.5),
	(132, 'Ditto', 4, 0.3),
	(133, 'Eevee', 6.5, 0.3),
	(134, 'Vaporeon', 29, 1),
	(135, 'Jolteon', 24.5, 0.8),
	(136, 'Flareon', 25, 0.9),
	(137, 'Porygon', 36.5, 0.8),
	(138, 'Omanyte', 7.5, 4),
	(139, 'Omastar', 35, 1),
	(140, 'Kabuto', 11.5, 0.5),
	(141, 'Kabutops', 40.5, 1.3),
	(142, 'Aerodactyl', 59, 1.8),
	(143, 'Snorlax', 460, 2.1),
	(144, 'Articuno', 55.4, 1.7),
	(145, 'Zapdos', 52.6, 1.6),
	(146, 'Moltres', 60, 2),
	(147, 'Dratini', 3.3, 1.8),
	(148, 'Dragonair', 16.5, 4),
	(149, 'Dragonite', 210, 2.2),
	(150, 'Mewtwo', 122, 2),
	(151, 'Mew', 4, 0.4);

-- Volcando estructura para vista pokemondb.pokemons_que_n0_evolucionan
-- Creando tabla temporal para superar errores de dependencia de VIEW
CREATE TABLE `pokemons_que_n0_evolucionan` (
	`numero_pokedex` INT NOT NULL,
	`nombre` VARCHAR(1) NOT NULL COLLATE 'utf8mb4_0900_ai_ci'
) ENGINE=MyISAM;

-- Volcando estructura para vista pokemondb.pokemon_evolucion_piedra
-- Creando tabla temporal para superar errores de dependencia de VIEW
CREATE TABLE `pokemon_evolucion_piedra` (
	`Nombre_Pokemon` VARCHAR(1) NOT NULL COLLATE 'utf8mb4_0900_ai_ci'
) ENGINE=MyISAM;

-- Volcando estructura para tabla pokemondb.pokemon_forma_evolucion
CREATE TABLE IF NOT EXISTS `pokemon_forma_evolucion` (
  `numero_pokedex` int NOT NULL,
  `id_forma_evolucion` int NOT NULL,
  PRIMARY KEY (`numero_pokedex`,`id_forma_evolucion`),
  KEY `id_forma_evolucion` (`id_forma_evolucion`),
  CONSTRAINT `pokemon_forma_evolucion_ibfk_1` FOREIGN KEY (`numero_pokedex`) REFERENCES `pokemon` (`numero_pokedex`),
  CONSTRAINT `pokemon_forma_evolucion_ibfk_2` FOREIGN KEY (`id_forma_evolucion`) REFERENCES `forma_evolucion` (`id_forma_evolucion`)
) ENGINE=InnoDB DEFAULT CHARSET=utf8mb4 COLLATE=utf8mb4_0900_ai_ci;

-- Volcando datos para la tabla pokemondb.pokemon_forma_evolucion: ~72 rows (aproximadamente)
INSERT INTO `pokemon_forma_evolucion` (`numero_pokedex`, `id_forma_evolucion`) VALUES
	(64, 1),
	(67, 1),
	(75, 1),
	(93, 1),
	(25, 2),
	(133, 2),
	(37, 3),
	(58, 3),
	(133, 3),
	(61, 4),
	(90, 4),
	(120, 4),
	(133, 4),
	(10, 5),
	(13, 5),
	(11, 6),
	(14, 6),
	(1, 7),
	(4, 7),
	(7, 7),
	(63, 7),
	(16, 8),
	(29, 8),
	(32, 8),
	(19, 9),
	(21, 9),
	(129, 9),
	(23, 10),
	(27, 10),
	(41, 10),
	(2, 11),
	(116, 11),
	(5, 12),
	(8, 12),
	(17, 12),
	(30, 13),
	(33, 13),
	(35, 13),
	(39, 13),
	(43, 14),
	(69, 14),
	(44, 15),
	(70, 15),
	(102, 15),
	(46, 16),
	(48, 17),
	(84, 17),
	(50, 18),
	(96, 18),
	(52, 19),
	(56, 19),
	(66, 19),
	(98, 19),
	(104, 19),
	(54, 20),
	(118, 20),
	(60, 21),
	(74, 21),
	(92, 21),
	(72, 22),
	(81, 22),
	(100, 22),
	(147, 22),
	(77, 23),
	(138, 23),
	(140, 23),
	(79, 24),
	(86, 25),
	(88, 26),
	(109, 27),
	(111, 28),
	(148, 29);

-- Volcando estructura para tabla pokemondb.pokemon_movimiento_forma
CREATE TABLE IF NOT EXISTS `pokemon_movimiento_forma` (
  `numero_pokedex` int NOT NULL,
  `id_movimiento` int NOT NULL,
  `id_forma_aprendizaje` int NOT NULL,
  PRIMARY KEY (`numero_pokedex`,`id_movimiento`,`id_forma_aprendizaje`),
  KEY `id_movimiento` (`id_movimiento`),
  KEY `id_forma_aprendizaje` (`id_forma_aprendizaje`),
  CONSTRAINT `pokemon_movimiento_forma_ibfk_1` FOREIGN KEY (`numero_pokedex`) REFERENCES `pokemon` (`numero_pokedex`),
  CONSTRAINT `pokemon_movimiento_forma_ibfk_2` FOREIGN KEY (`id_movimiento`) REFERENCES `movimiento` (`id_movimiento`),
  CONSTRAINT `pokemon_movimiento_forma_ibfk_3` FOREIGN KEY (`id_forma_aprendizaje`) REFERENCES `forma_aprendizaje` (`id_forma_aprendizaje`)
) ENGINE=InnoDB DEFAULT CHARSET=utf8mb4 COLLATE=utf8mb4_0900_ai_ci;

-- Volcando datos para la tabla pokemondb.pokemon_movimiento_forma: ~2.958 rows (aproximadamente)
INSERT INTO `pokemon_movimiento_forma` (`numero_pokedex`, `id_movimiento`, `id_forma_aprendizaje`) VALUES
	(1, 1, 56),
	(2, 1, 56),
	(3, 1, 56),
	(7, 1, 56),
	(8, 1, 56),
	(9, 1, 56),
	(10, 1, 56),
	(19, 1, 56),
	(20, 1, 56),
	(29, 1, 56),
	(30, 1, 56),
	(31, 1, 56),
	(32, 1, 56),
	(33, 1, 56),
	(34, 1, 56),
	(48, 1, 56),
	(49, 1, 56),
	(74, 1, 56),
	(75, 1, 56),
	(76, 1, 56),
	(81, 1, 56),
	(82, 1, 56),
	(90, 1, 56),
	(95, 1, 56),
	(100, 1, 56),
	(101, 1, 56),
	(109, 1, 56),
	(110, 1, 56),
	(1, 2, 3),
	(2, 2, 3),
	(3, 2, 3),
	(4, 2, 3),
	(5, 2, 3),
	(6, 2, 3),
	(15, 2, 3),
	(27, 2, 3),
	(28, 2, 3),
	(43, 2, 3),
	(44, 2, 3),
	(45, 2, 3),
	(46, 2, 3),
	(47, 2, 3),
	(69, 2, 3),
	(70, 2, 3),
	(71, 2, 3),
	(72, 2, 3),
	(73, 2, 3),
	(83, 2, 3),
	(83, 2, 99),
	(98, 2, 3),
	(99, 2, 3),
	(108, 2, 3),
	(7, 3, 79),
	(8, 3, 56),
	(8, 3, 79),
	(9, 3, 56),
	(9, 3, 79),
	(60, 3, 56),
	(61, 3, 56),
	(98, 3, 56),
	(99, 3, 56),
	(75, 4, 17),
	(7, 5, 76),
	(8, 5, 84),
	(9, 5, 85),
	(54, 5, 85),
	(55, 5, 105),
	(60, 5, 107),
	(61, 5, 97),
	(72, 5, 63),
	(73, 5, 102),
	(98, 6, 81),
	(99, 6, 76),
	(7, 7, 12),
	(7, 7, 73),
	(8, 7, 12),
	(8, 7, 73),
	(9, 7, 12),
	(9, 7, 56),
	(9, 7, 73),
	(19, 7, 12),
	(20, 7, 12),
	(30, 7, 12),
	(31, 7, 12),
	(33, 7, 12),
	(34, 7, 12),
	(35, 7, 12),
	(36, 7, 12),
	(39, 7, 12),
	(40, 7, 12),
	(52, 7, 12),
	(53, 7, 12),
	(54, 7, 12),
	(55, 7, 12),
	(60, 7, 12),
	(60, 7, 94),
	(61, 7, 12),
	(61, 7, 56),
	(61, 7, 94),
	(62, 7, 12),
	(62, 7, 56),
	(62, 7, 94),
	(72, 7, 12),
	(72, 7, 64),
	(73, 7, 12),
	(73, 7, 64),
	(79, 7, 12),
	(79, 7, 75),
	(80, 7, 12),
	(80, 7, 75),
	(86, 7, 12),
	(87, 7, 12),
	(90, 7, 12),
	(91, 7, 12),
	(98, 7, 12),
	(99, 7, 12),
	(104, 7, 12),
	(105, 7, 12),
	(108, 7, 12),
	(7, 8, 11),
	(8, 8, 11),
	(9, 8, 11),
	(19, 8, 11),
	(20, 8, 11),
	(30, 8, 11),
	(31, 8, 11),
	(33, 8, 11),
	(34, 8, 11),
	(35, 8, 11),
	(36, 8, 11),
	(39, 8, 11),
	(40, 8, 11),
	(52, 8, 11),
	(53, 8, 11),
	(54, 8, 11),
	(55, 8, 11),
	(60, 8, 11),
	(61, 8, 11),
	(62, 8, 11),
	(72, 8, 11),
	(73, 8, 11),
	(79, 8, 11),
	(80, 8, 11),
	(86, 8, 11),
	(87, 8, 11),
	(90, 8, 11),
	(91, 8, 11),
	(98, 8, 11),
	(99, 8, 11),
	(104, 8, 11),
	(105, 8, 11),
	(108, 8, 11),
	(7, 9, 80),
	(8, 9, 82),
	(9, 9, 82),
	(80, 9, 103),
	(90, 9, 56),
	(91, 9, 56),
	(7, 10, 53),
	(8, 10, 53),
	(9, 10, 53),
	(31, 10, 53),
	(34, 10, 53),
	(54, 10, 53),
	(55, 10, 53),
	(60, 10, 53),
	(61, 10, 53),
	(62, 10, 53),
	(72, 10, 53),
	(73, 10, 53),
	(79, 10, 53),
	(80, 10, 53),
	(86, 10, 53),
	(87, 10, 53),
	(90, 10, 53),
	(91, 10, 53),
	(98, 10, 53),
	(99, 10, 53),
	(108, 10, 53),
	(90, 11, 99),
	(91, 11, 56),
	(41, 12, 56),
	(42, 12, 56),
	(46, 12, 59),
	(47, 12, 56),
	(47, 12, 59),
	(48, 12, 60),
	(49, 12, 56),
	(49, 12, 60),
	(10, 13, 56),
	(13, 13, 56),
	(15, 14, 59),
	(15, 15, 65),
	(4, 16, 23),
	(5, 16, 23),
	(6, 16, 23),
	(58, 16, 23),
	(59, 16, 23),
	(25, 17, 56),
	(26, 17, 56),
	(81, 17, 92),
	(82, 17, 56),
	(82, 17, 92),
	(4, 18, 45),
	(25, 18, 45),
	(25, 18, 72),
	(26, 18, 45),
	(26, 18, 56),
	(35, 18, 45),
	(36, 18, 45),
	(39, 18, 45),
	(40, 18, 45),
	(79, 18, 45),
	(80, 18, 45),
	(81, 18, 45),
	(81, 18, 81),
	(82, 18, 45),
	(82, 18, 66),
	(96, 18, 45),
	(97, 18, 45),
	(100, 18, 45),
	(101, 18, 45),
	(107, 19, 69),
	(19, 20, 24),
	(20, 20, 24),
	(25, 20, 24),
	(26, 20, 24),
	(29, 20, 24),
	(30, 20, 24),
	(31, 20, 24),
	(32, 20, 24),
	(33, 20, 24),
	(34, 20, 24),
	(35, 20, 24),
	(36, 20, 24),
	(39, 20, 24),
	(40, 20, 24),
	(52, 20, 24),
	(53, 20, 24),
	(56, 20, 24),
	(57, 20, 24),
	(81, 20, 24),
	(82, 20, 24),
	(88, 20, 24),
	(89, 20, 24),
	(92, 20, 24),
	(93, 20, 24),
	(94, 20, 24),
	(100, 20, 24),
	(101, 20, 24),
	(108, 20, 24),
	(109, 20, 24),
	(110, 20, 24),
	(111, 20, 24),
	(19, 21, 25),
	(20, 21, 25),
	(25, 21, 25),
	(25, 21, 69),
	(26, 21, 25),
	(29, 21, 25),
	(30, 21, 25),
	(31, 21, 25),
	(32, 21, 25),
	(33, 21, 25),
	(34, 21, 25),
	(35, 21, 25),
	(36, 21, 25),
	(39, 21, 25),
	(40, 21, 25),
	(52, 21, 25),
	(53, 21, 25),
	(56, 21, 25),
	(57, 21, 25),
	(81, 21, 25),
	(82, 21, 25),
	(88, 21, 25),
	(89, 21, 25),
	(92, 21, 25),
	(93, 21, 25),
	(94, 21, 25),
	(100, 21, 25),
	(101, 21, 25),
	(108, 21, 25),
	(109, 21, 25),
	(110, 21, 25),
	(111, 21, 25),
	(92, 23, 56),
	(93, 23, 56),
	(94, 23, 56),
	(37, 24, 80),
	(41, 24, 89),
	(42, 24, 89),
	(92, 24, 56),
	(93, 24, 56),
	(94, 24, 56),
	(92, 25, 56),
	(93, 25, 56),
	(94, 25, 56),
	(4, 26, 72),
	(5, 26, 56),
	(5, 26, 72),
	(6, 26, 56),
	(6, 26, 72),
	(37, 26, 56),
	(38, 26, 56),
	(58, 26, 106),
	(59, 26, 56),
	(77, 26, 56),
	(78, 26, 56),
	(4, 27, 67),
	(5, 27, 77),
	(6, 27, 70),
	(37, 27, 76),
	(77, 27, 83),
	(78, 27, 83),
	(4, 28, 66),
	(5, 28, 76),
	(6, 28, 67),
	(37, 28, 81),
	(58, 28, 102),
	(4, 29, 38),
	(5, 29, 38),
	(6, 29, 38),
	(31, 29, 38),
	(34, 29, 38),
	(35, 29, 38),
	(36, 29, 38),
	(37, 29, 38),
	(38, 29, 38),
	(39, 29, 38),
	(40, 29, 38),
	(58, 29, 38),
	(59, 29, 38),
	(66, 29, 38),
	(67, 29, 38),
	(68, 29, 38),
	(74, 29, 38),
	(75, 29, 38),
	(76, 29, 38),
	(77, 29, 38),
	(78, 29, 38),
	(79, 29, 38),
	(80, 29, 38),
	(88, 29, 38),
	(89, 29, 38),
	(104, 29, 38),
	(105, 29, 38),
	(108, 29, 38),
	(109, 29, 38),
	(110, 29, 38),
	(111, 29, 38),
	(107, 30, 75),
	(41, 32, 78),
	(42, 32, 69),
	(109, 32, 107),
	(110, 32, 97),
	(107, 33, 66),
	(86, 34, 81),
	(87, 34, 56),
	(87, 34, 81),
	(90, 34, 65),
	(91, 34, 56),
	(7, 35, 13),
	(8, 35, 13),
	(9, 35, 13),
	(20, 35, 13),
	(30, 35, 13),
	(31, 35, 13),
	(33, 35, 13),
	(34, 35, 13),
	(35, 35, 13),
	(36, 35, 13),
	(39, 35, 13),
	(40, 35, 13),
	(54, 35, 13),
	(55, 35, 13),
	(60, 35, 13),
	(61, 35, 13),
	(62, 35, 13),
	(72, 35, 13),
	(73, 35, 13),
	(79, 35, 13),
	(80, 35, 13),
	(86, 35, 13),
	(86, 35, 102),
	(87, 35, 13),
	(87, 35, 77),
	(90, 35, 13),
	(90, 35, 102),
	(91, 35, 13),
	(98, 35, 13),
	(99, 35, 13),
	(104, 35, 13),
	(105, 35, 13),
	(108, 35, 13),
	(7, 36, 14),
	(8, 36, 14),
	(9, 36, 14),
	(19, 36, 14),
	(20, 36, 14),
	(29, 36, 14),
	(30, 36, 14),
	(31, 36, 14),
	(32, 36, 14),
	(33, 36, 14),
	(34, 36, 14),
	(35, 36, 14),
	(36, 36, 14),
	(39, 36, 14),
	(40, 36, 14),
	(54, 36, 14),
	(55, 36, 14),
	(60, 36, 14),
	(61, 36, 14),
	(62, 36, 14),
	(72, 36, 14),
	(73, 36, 14),
	(79, 36, 14),
	(80, 36, 14),
	(86, 36, 14),
	(87, 36, 14),
	(90, 36, 14),
	(91, 36, 14),
	(98, 36, 14),
	(99, 36, 14),
	(104, 36, 14),
	(105, 36, 14),
	(108, 36, 14),
	(4, 37, 18),
	(5, 37, 18),
	(6, 37, 18),
	(7, 37, 18),
	(8, 37, 18),
	(9, 37, 18),
	(31, 37, 18),
	(34, 37, 18),
	(35, 37, 18),
	(36, 37, 18),
	(39, 37, 18),
	(40, 37, 18),
	(54, 37, 18),
	(55, 37, 18),
	(56, 37, 18),
	(57, 37, 18),
	(61, 37, 18),
	(62, 37, 18),
	(63, 37, 18),
	(64, 37, 18),
	(65, 37, 18),
	(66, 37, 18),
	(67, 37, 18),
	(68, 37, 18),
	(74, 37, 18),
	(75, 37, 18),
	(76, 37, 18),
	(80, 37, 18),
	(94, 37, 18),
	(96, 37, 18),
	(97, 37, 18),
	(104, 37, 18),
	(105, 37, 18),
	(106, 37, 18),
	(107, 37, 18),
	(107, 37, 109),
	(108, 37, 18),
	(29, 38, 69),
	(30, 38, 102),
	(32, 38, 69),
	(33, 38, 102),
	(106, 38, 56),
	(4, 39, 19),
	(5, 39, 19),
	(6, 39, 19),
	(7, 39, 19),
	(8, 39, 19),
	(9, 39, 19),
	(25, 39, 19),
	(26, 39, 19),
	(27, 39, 19),
	(28, 39, 19),
	(31, 39, 19),
	(34, 39, 19),
	(35, 39, 19),
	(36, 39, 19),
	(39, 39, 19),
	(40, 39, 19),
	(54, 39, 19),
	(55, 39, 19),
	(56, 39, 19),
	(56, 39, 75),
	(57, 39, 19),
	(57, 39, 103),
	(61, 39, 19),
	(62, 39, 19),
	(63, 39, 19),
	(64, 39, 19),
	(65, 39, 19),
	(66, 39, 19),
	(66, 39, 83),
	(67, 39, 19),
	(67, 39, 95),
	(68, 39, 19),
	(68, 39, 95),
	(74, 39, 19),
	(75, 39, 19),
	(76, 39, 19),
	(80, 39, 19),
	(94, 39, 19),
	(96, 39, 19),
	(97, 39, 19),
	(104, 39, 19),
	(105, 39, 19),
	(106, 39, 19),
	(107, 39, 19),
	(108, 39, 19),
	(66, 40, 59),
	(67, 40, 56),
	(67, 40, 59),
	(68, 40, 56),
	(68, 40, 59),
	(106, 41, 75),
	(106, 43, 63),
	(4, 44, 17),
	(5, 44, 17),
	(6, 44, 17),
	(7, 44, 17),
	(8, 44, 17),
	(9, 44, 17),
	(25, 44, 17),
	(26, 44, 17),
	(27, 44, 17),
	(28, 44, 17),
	(31, 44, 17),
	(34, 44, 17),
	(35, 44, 17),
	(36, 44, 17),
	(39, 44, 17),
	(40, 44, 17),
	(54, 44, 17),
	(55, 44, 17),
	(56, 44, 17),
	(57, 44, 17),
	(61, 44, 17),
	(62, 44, 17),
	(63, 44, 17),
	(64, 44, 17),
	(65, 44, 17),
	(66, 44, 17),
	(66, 44, 67),
	(67, 44, 17),
	(67, 44, 85),
	(68, 44, 17),
	(68, 44, 85),
	(74, 44, 17),
	(76, 44, 17),
	(80, 44, 17),
	(94, 44, 17),
	(96, 44, 17),
	(97, 44, 17),
	(104, 44, 17),
	(105, 44, 17),
	(106, 44, 17),
	(107, 44, 17),
	(108, 44, 17),
	(98, 46, 59),
	(99, 46, 56),
	(99, 46, 59),
	(39, 48, 98),
	(40, 48, 56),
	(48, 48, 56),
	(49, 48, 56),
	(54, 48, 82),
	(55, 48, 56),
	(55, 48, 82),
	(64, 48, 56),
	(64, 48, 59),
	(65, 48, 56),
	(65, 48, 59),
	(79, 48, 106),
	(80, 48, 56),
	(80, 48, 106),
	(88, 48, 56),
	(89, 48, 56),
	(96, 48, 86),
	(97, 48, 56),
	(97, 48, 86),
	(108, 48, 73),
	(4, 49, 56),
	(5, 49, 56),
	(6, 49, 56),
	(27, 49, 56),
	(28, 49, 56),
	(29, 49, 79),
	(30, 49, 56),
	(30, 49, 79),
	(31, 49, 56),
	(46, 49, 56),
	(47, 49, 56),
	(50, 49, 56),
	(51, 49, 56),
	(52, 49, 56),
	(53, 49, 56),
	(54, 49, 56),
	(55, 49, 56),
	(56, 49, 56),
	(57, 49, 56),
	(95, 50, 73),
	(16, 51, 93),
	(17, 51, 56),
	(17, 51, 93),
	(18, 51, 56),
	(18, 51, 93),
	(27, 51, 101),
	(28, 51, 56),
	(28, 51, 101),
	(50, 51, 74),
	(51, 51, 74),
	(83, 51, 56),
	(15, 52, 56),
	(15, 52, 86),
	(21, 52, 73),
	(22, 52, 73),
	(32, 52, 100),
	(33, 52, 91),
	(83, 52, 73),
	(84, 52, 74),
	(85, 52, 56),
	(85, 52, 74),
	(111, 52, 96),
	(112, 52, 56),
	(16, 53, 86),
	(17, 53, 86),
	(18, 53, 56),
	(18, 53, 86),
	(19, 53, 57),
	(20, 53, 56),
	(20, 53, 57),
	(25, 53, 87),
	(37, 53, 87),
	(38, 53, 56),
	(74, 54, 36),
	(74, 54, 89),
	(75, 54, 36),
	(75, 54, 89),
	(76, 54, 36),
	(76, 54, 89),
	(88, 54, 36),
	(89, 54, 36),
	(90, 54, 36),
	(91, 54, 36),
	(92, 54, 36),
	(93, 54, 36),
	(94, 54, 36),
	(95, 54, 36),
	(100, 54, 36),
	(100, 54, 64),
	(101, 54, 36),
	(101, 54, 64),
	(102, 54, 36),
	(103, 54, 36),
	(109, 54, 36),
	(109, 54, 96),
	(110, 54, 36),
	(110, 54, 69),
	(102, 56, 37),
	(103, 56, 37),
	(81, 57, 89),
	(82, 57, 56),
	(82, 57, 89),
	(100, 57, 88),
	(101, 57, 88),
	(4, 58, 40),
	(5, 58, 40),
	(6, 58, 40),
	(7, 58, 40),
	(7, 58, 81),
	(8, 58, 40),
	(8, 58, 83),
	(9, 58, 40),
	(9, 58, 76),
	(15, 58, 40),
	(19, 58, 40),
	(20, 58, 40),
	(23, 58, 40),
	(24, 58, 40),
	(25, 58, 40),
	(26, 58, 40),
	(27, 58, 40),
	(28, 58, 40),
	(29, 58, 40),
	(30, 58, 40),
	(31, 58, 40),
	(32, 58, 40),
	(33, 58, 40),
	(34, 58, 40),
	(35, 58, 40),
	(36, 58, 40),
	(37, 58, 40),
	(38, 58, 40),
	(39, 58, 40),
	(40, 58, 40),
	(46, 58, 40),
	(47, 58, 40),
	(52, 58, 40),
	(53, 58, 40),
	(54, 58, 40),
	(55, 58, 40),
	(56, 58, 40),
	(57, 58, 40),
	(58, 58, 40),
	(59, 58, 40),
	(60, 58, 40),
	(61, 58, 40),
	(62, 58, 40),
	(63, 58, 40),
	(64, 58, 40),
	(65, 58, 40),
	(66, 58, 40),
	(67, 58, 40),
	(68, 58, 40),
	(72, 58, 40),
	(73, 58, 40),
	(77, 58, 40),
	(78, 58, 40),
	(79, 58, 40),
	(80, 58, 40),
	(83, 58, 40),
	(84, 58, 40),
	(85, 58, 40),
	(86, 58, 40),
	(87, 58, 40),
	(94, 58, 40),
	(95, 58, 40),
	(96, 58, 40),
	(97, 58, 40),
	(104, 58, 40),
	(105, 58, 40),
	(106, 58, 40),
	(107, 58, 40),
	(108, 58, 40),
	(111, 58, 40),
	(35, 59, 58),
	(36, 59, 56),
	(39, 59, 56),
	(40, 59, 56),
	(23, 60, 82),
	(24, 60, 78),
	(42, 60, 56),
	(52, 60, 74),
	(53, 60, 74),
	(72, 60, 96),
	(73, 60, 69),
	(81, 60, 84),
	(82, 60, 68),
	(88, 60, 63),
	(89, 60, 109),
	(95, 60, 56),
	(100, 60, 56),
	(101, 60, 56),
	(108, 60, 83),
	(91, 61, 102),
	(32, 63, 79),
	(33, 63, 56),
	(33, 63, 79),
	(34, 63, 56),
	(34, 63, 79),
	(111, 63, 56),
	(112, 63, 56),
	(1, 64, 51),
	(2, 64, 51),
	(3, 64, 51),
	(4, 64, 51),
	(5, 64, 51),
	(6, 64, 51),
	(15, 64, 51),
	(27, 64, 51),
	(28, 64, 51),
	(43, 64, 51),
	(44, 64, 51),
	(45, 64, 51),
	(46, 64, 51),
	(47, 64, 51),
	(50, 64, 51),
	(51, 64, 51),
	(69, 64, 51),
	(70, 64, 51),
	(72, 64, 51),
	(73, 64, 51),
	(83, 64, 51),
	(98, 64, 51),
	(99, 64, 51),
	(108, 64, 51),
	(4, 65, 65),
	(5, 65, 75),
	(6, 65, 78),
	(27, 65, 88),
	(28, 65, 88),
	(46, 65, 61),
	(47, 65, 83),
	(50, 65, 82),
	(51, 65, 81),
	(52, 65, 95),
	(53, 65, 104),
	(83, 65, 83),
	(1, 66, 9),
	(2, 66, 9),
	(3, 66, 9),
	(4, 66, 9),
	(5, 66, 9),
	(6, 66, 9),
	(7, 66, 9),
	(8, 66, 9),
	(9, 66, 9),
	(12, 66, 9),
	(15, 66, 9),
	(16, 66, 9),
	(17, 66, 9),
	(18, 66, 9),
	(19, 66, 9),
	(20, 66, 9),
	(21, 66, 9),
	(22, 66, 9),
	(23, 66, 9),
	(24, 66, 9),
	(25, 66, 9),
	(26, 66, 9),
	(27, 66, 9),
	(28, 66, 9),
	(29, 66, 9),
	(30, 66, 9),
	(31, 66, 9),
	(32, 66, 9),
	(33, 66, 9),
	(34, 66, 9),
	(35, 66, 9),
	(36, 66, 9),
	(37, 66, 9),
	(38, 66, 9),
	(39, 66, 9),
	(40, 66, 9),
	(41, 66, 9),
	(42, 66, 9),
	(43, 66, 9),
	(44, 66, 9),
	(45, 66, 9),
	(46, 66, 9),
	(47, 66, 9),
	(48, 66, 9),
	(49, 66, 9),
	(50, 66, 9),
	(51, 66, 9),
	(52, 66, 9),
	(53, 66, 9),
	(54, 66, 9),
	(55, 66, 9),
	(56, 66, 9),
	(57, 66, 9),
	(58, 66, 9),
	(58, 66, 65),
	(59, 66, 9),
	(59, 66, 56),
	(60, 66, 9),
	(61, 66, 9),
	(62, 66, 9),
	(63, 66, 9),
	(64, 66, 9),
	(65, 66, 9),
	(66, 66, 9),
	(67, 66, 9),
	(68, 66, 9),
	(69, 66, 9),
	(70, 66, 9),
	(71, 66, 9),
	(72, 66, 9),
	(73, 66, 9),
	(74, 66, 9),
	(75, 66, 9),
	(76, 66, 9),
	(77, 66, 9),
	(77, 66, 69),
	(78, 66, 9),
	(78, 66, 84),
	(79, 66, 9),
	(80, 66, 9),
	(81, 66, 9),
	(82, 66, 9),
	(83, 66, 9),
	(84, 66, 9),
	(85, 66, 9),
	(86, 66, 9),
	(86, 66, 107),
	(87, 66, 9),
	(87, 66, 102),
	(90, 66, 9),
	(91, 66, 9),
	(94, 66, 9),
	(95, 66, 9),
	(96, 66, 9),
	(97, 66, 9),
	(98, 66, 9),
	(99, 66, 9),
	(100, 66, 9),
	(101, 66, 9),
	(102, 66, 9),
	(103, 66, 9),
	(104, 66, 9),
	(105, 66, 9),
	(106, 66, 9),
	(107, 66, 9),
	(108, 66, 9),
	(111, 66, 9),
	(111, 66, 70),
	(1, 67, 61),
	(2, 67, 66),
	(3, 67, 69),
	(46, 67, 62),
	(47, 67, 63),
	(69, 67, 56),
	(70, 67, 56),
	(23, 68, 74),
	(24, 68, 60),
	(12, 69, 55),
	(25, 69, 55),
	(26, 69, 55),
	(35, 69, 55),
	(36, 69, 55),
	(39, 69, 55),
	(40, 69, 55),
	(48, 69, 55),
	(49, 69, 55),
	(63, 69, 55),
	(64, 69, 55),
	(65, 69, 55),
	(79, 69, 55),
	(80, 69, 55),
	(81, 69, 55),
	(82, 69, 55),
	(96, 69, 55),
	(97, 69, 55),
	(100, 69, 55),
	(101, 69, 55),
	(35, 70, 56),
	(39, 70, 72),
	(88, 70, 56),
	(89, 70, 56),
	(96, 70, 56),
	(97, 70, 56),
	(25, 71, 16),
	(26, 71, 16),
	(31, 71, 16),
	(34, 71, 16),
	(52, 71, 16),
	(52, 71, 88),
	(53, 71, 16),
	(53, 71, 88),
	(54, 71, 16),
	(55, 71, 16),
	(56, 71, 16),
	(57, 71, 16),
	(79, 71, 16),
	(80, 71, 16),
	(86, 71, 16),
	(87, 71, 16),
	(1, 72, 32),
	(2, 72, 32),
	(3, 72, 32),
	(4, 72, 32),
	(5, 72, 32),
	(6, 72, 32),
	(7, 72, 32),
	(8, 72, 32),
	(9, 72, 32),
	(12, 72, 32),
	(15, 72, 32),
	(16, 72, 32),
	(17, 72, 32),
	(18, 72, 32),
	(19, 72, 32),
	(20, 72, 32),
	(21, 72, 32),
	(22, 72, 32),
	(23, 72, 32),
	(24, 72, 32),
	(25, 72, 32),
	(26, 72, 32),
	(27, 72, 32),
	(28, 72, 32),
	(29, 72, 32),
	(30, 72, 32),
	(31, 72, 32),
	(32, 72, 32),
	(33, 72, 32),
	(34, 72, 32),
	(35, 72, 32),
	(36, 72, 32),
	(37, 72, 32),
	(38, 72, 32),
	(39, 72, 32),
	(40, 72, 32),
	(41, 72, 32),
	(42, 72, 32),
	(43, 72, 32),
	(44, 72, 32),
	(45, 72, 32),
	(46, 72, 32),
	(47, 72, 32),
	(48, 72, 32),
	(49, 72, 32),
	(50, 72, 32),
	(51, 72, 32),
	(52, 72, 32),
	(53, 72, 32),
	(54, 72, 32),
	(55, 72, 32),
	(56, 72, 32),
	(57, 72, 32),
	(58, 72, 32),
	(59, 72, 32),
	(60, 72, 32),
	(61, 72, 32),
	(62, 72, 32),
	(63, 72, 32),
	(64, 72, 32),
	(65, 72, 32),
	(66, 72, 32),
	(67, 72, 32),
	(68, 72, 32),
	(69, 72, 32),
	(70, 72, 32),
	(71, 72, 32),
	(72, 72, 32),
	(73, 72, 32),
	(74, 72, 32),
	(75, 72, 32),
	(76, 72, 32),
	(77, 72, 32),
	(78, 72, 32),
	(79, 72, 32),
	(80, 72, 32),
	(81, 72, 32),
	(82, 72, 32),
	(83, 72, 32),
	(84, 72, 32),
	(85, 72, 32),
	(86, 72, 32),
	(87, 72, 32),
	(88, 72, 32),
	(89, 72, 32),
	(90, 72, 32),
	(91, 72, 32),
	(92, 72, 32),
	(93, 72, 32),
	(94, 72, 32),
	(95, 72, 32),
	(96, 72, 32),
	(97, 72, 32),
	(98, 72, 32),
	(99, 72, 32),
	(100, 72, 32),
	(101, 72, 32),
	(102, 72, 32),
	(103, 72, 32),
	(104, 72, 32),
	(105, 72, 32),
	(106, 72, 32),
	(107, 72, 32),
	(108, 72, 32),
	(109, 72, 32),
	(110, 72, 32),
	(111, 72, 32),
	(1, 73, 10),
	(2, 73, 10),
	(3, 73, 10),
	(4, 73, 10),
	(5, 73, 10),
	(6, 73, 10),
	(7, 73, 10),
	(8, 73, 10),
	(9, 73, 10),
	(12, 73, 10),
	(15, 73, 10),
	(16, 73, 10),
	(17, 73, 10),
	(18, 73, 10),
	(19, 73, 10),
	(20, 73, 10),
	(21, 73, 10),
	(22, 73, 10),
	(23, 73, 10),
	(24, 73, 10),
	(25, 73, 10),
	(26, 73, 10),
	(27, 73, 10),
	(28, 73, 10),
	(29, 73, 10),
	(30, 73, 10),
	(31, 73, 10),
	(32, 73, 10),
	(33, 73, 10),
	(34, 73, 10),
	(35, 73, 10),
	(36, 73, 10),
	(37, 73, 10),
	(38, 73, 10),
	(39, 73, 10),
	(39, 73, 83),
	(40, 73, 10),
	(41, 73, 10),
	(42, 73, 10),
	(43, 73, 10),
	(44, 73, 10),
	(45, 73, 10),
	(46, 73, 10),
	(47, 73, 10),
	(48, 73, 10),
	(49, 73, 10),
	(50, 73, 10),
	(51, 73, 10),
	(52, 73, 10),
	(53, 73, 10),
	(54, 73, 10),
	(55, 73, 10),
	(56, 73, 10),
	(57, 73, 10),
	(58, 73, 10),
	(59, 73, 10),
	(60, 73, 10),
	(61, 73, 10),
	(62, 73, 10),
	(63, 73, 10),
	(64, 73, 10),
	(65, 73, 10),
	(66, 73, 10),
	(67, 73, 10),
	(68, 73, 10),
	(69, 73, 10),
	(70, 73, 10),
	(71, 73, 10),
	(72, 73, 10),
	(73, 73, 10),
	(74, 73, 10),
	(75, 73, 10),
	(76, 73, 10),
	(77, 73, 10),
	(78, 73, 10),
	(79, 73, 10),
	(80, 73, 10),
	(81, 73, 10),
	(82, 73, 10),
	(83, 73, 10),
	(84, 73, 10),
	(85, 73, 10),
	(86, 73, 10),
	(87, 73, 10),
	(90, 73, 10),
	(91, 73, 10),
	(94, 73, 10),
	(95, 73, 10),
	(96, 73, 10),
	(97, 73, 10),
	(98, 73, 10),
	(99, 73, 10),
	(102, 73, 10),
	(103, 73, 10),
	(104, 73, 10),
	(105, 73, 10),
	(106, 73, 10),
	(107, 73, 10),
	(108, 73, 10),
	(111, 73, 10),
	(35, 74, 106),
	(36, 74, 56),
	(39, 74, 74),
	(40, 74, 56),
	(60, 74, 92),
	(61, 74, 90),
	(62, 74, 56),
	(74, 75, 47),
	(74, 75, 78),
	(75, 75, 47),
	(75, 75, 69),
	(76, 75, 47),
	(76, 75, 69),
	(88, 75, 47),
	(89, 75, 47),
	(90, 75, 47),
	(91, 75, 47),
	(92, 75, 47),
	(93, 75, 47),
	(94, 75, 47),
	(95, 75, 47),
	(100, 75, 47),
	(100, 75, 69),
	(101, 75, 47),
	(101, 75, 69),
	(102, 75, 47),
	(103, 75, 47),
	(109, 75, 47),
	(109, 75, 63),
	(110, 75, 47),
	(110, 75, 109),
	(15, 76, 87),
	(19, 76, 99),
	(20, 76, 60),
	(32, 76, 89),
	(33, 76, 99),
	(56, 76, 60),
	(57, 76, 60),
	(66, 76, 91),
	(67, 76, 78),
	(68, 76, 78),
	(104, 76, 82),
	(105, 76, 56),
	(105, 76, 75),
	(106, 76, 69),
	(11, 77, 56),
	(14, 77, 56),
	(74, 77, 90),
	(75, 77, 100),
	(76, 77, 100),
	(88, 77, 76),
	(89, 77, 107),
	(95, 77, 69),
	(98, 77, 96),
	(99, 77, 97),
	(4, 78, 54),
	(5, 78, 54),
	(6, 78, 54),
	(7, 78, 54),
	(8, 78, 54),
	(9, 78, 54),
	(23, 78, 54),
	(24, 78, 54),
	(27, 78, 54),
	(28, 78, 54),
	(31, 78, 54),
	(34, 78, 54),
	(35, 78, 54),
	(36, 78, 54),
	(39, 78, 54),
	(40, 78, 54),
	(54, 78, 54),
	(55, 78, 54),
	(56, 78, 54),
	(57, 78, 54),
	(62, 78, 54),
	(66, 78, 54),
	(67, 78, 54),
	(68, 78, 54),
	(74, 78, 54),
	(75, 78, 54),
	(76, 78, 54),
	(79, 78, 54),
	(80, 78, 54),
	(86, 78, 54),
	(87, 78, 54),
	(94, 78, 54),
	(95, 78, 54),
	(98, 78, 54),
	(99, 78, 54),
	(103, 78, 54),
	(104, 78, 54),
	(105, 78, 54),
	(106, 78, 54),
	(107, 78, 54),
	(108, 78, 54),
	(111, 78, 54),
	(1, 79, 20),
	(2, 79, 20),
	(3, 79, 20),
	(4, 79, 20),
	(4, 79, 64),
	(5, 79, 20),
	(6, 79, 20),
	(6, 79, 74),
	(7, 79, 20),
	(8, 79, 20),
	(9, 79, 20),
	(12, 79, 20),
	(15, 79, 20),
	(15, 79, 92),
	(16, 79, 20),
	(17, 79, 20),
	(18, 79, 20),
	(19, 79, 20),
	(20, 79, 20),
	(21, 79, 20),
	(22, 79, 20),
	(23, 79, 20),
	(24, 79, 20),
	(25, 79, 20),
	(26, 79, 20),
	(27, 79, 20),
	(28, 79, 20),
	(29, 79, 20),
	(30, 79, 20),
	(31, 79, 20),
	(32, 79, 20),
	(33, 79, 20),
	(34, 79, 20),
	(35, 79, 20),
	(36, 79, 20),
	(37, 79, 20),
	(38, 79, 20),
	(39, 79, 20),
	(40, 79, 20),
	(41, 79, 20),
	(42, 79, 20),
	(43, 79, 20),
	(44, 79, 20),
	(45, 79, 20),
	(46, 79, 20),
	(47, 79, 20),
	(48, 79, 20),
	(49, 79, 20),
	(50, 79, 20),
	(51, 79, 20),
	(52, 79, 20),
	(53, 79, 20),
	(54, 79, 20),
	(55, 79, 20),
	(56, 79, 20),
	(57, 79, 20),
	(58, 79, 20),
	(59, 79, 20),
	(60, 79, 20),
	(61, 79, 20),
	(62, 79, 20),
	(63, 79, 20),
	(64, 79, 20),
	(65, 79, 20),
	(66, 79, 20),
	(67, 79, 20),
	(68, 79, 20),
	(69, 79, 20),
	(70, 79, 20),
	(71, 79, 20),
	(72, 79, 20),
	(73, 79, 20),
	(74, 79, 20),
	(75, 79, 20),
	(76, 79, 20),
	(77, 79, 20),
	(78, 79, 20),
	(79, 79, 20),
	(80, 79, 20),
	(81, 79, 20),
	(82, 79, 20),
	(83, 79, 20),
	(84, 79, 20),
	(84, 79, 78),
	(85, 79, 20),
	(85, 79, 83),
	(86, 79, 20),
	(87, 79, 20),
	(88, 79, 20),
	(89, 79, 20),
	(90, 79, 20),
	(91, 79, 20),
	(92, 79, 20),
	(93, 79, 20),
	(94, 79, 20),
	(95, 79, 20),
	(95, 79, 92),
	(96, 79, 20),
	(97, 79, 20),
	(98, 79, 20),
	(99, 79, 20),
	(100, 79, 20),
	(101, 79, 20),
	(102, 79, 20),
	(103, 79, 20),
	(104, 79, 20),
	(104, 79, 67),
	(105, 79, 20),
	(105, 79, 70),
	(106, 79, 20),
	(107, 79, 20),
	(108, 79, 20),
	(109, 79, 20),
	(110, 79, 20),
	(111, 79, 20),
	(34, 80, 56),
	(34, 80, 99),
	(56, 80, 83),
	(57, 80, 67),
	(104, 80, 66),
	(105, 80, 62),
	(79, 81, 64),
	(80, 81, 56),
	(80, 81, 64),
	(86, 81, 56),
	(87, 81, 56),
	(96, 81, 74),
	(97, 81, 74),
	(1, 82, 8),
	(2, 82, 8),
	(3, 82, 8),
	(4, 82, 8),
	(5, 82, 8),
	(6, 82, 8),
	(7, 82, 8),
	(8, 82, 8),
	(9, 82, 8),
	(19, 82, 8),
	(20, 82, 8),
	(23, 82, 8),
	(24, 82, 8),
	(25, 82, 8),
	(26, 82, 8),
	(27, 82, 8),
	(28, 82, 8),
	(29, 82, 8),
	(30, 82, 8),
	(31, 82, 8),
	(31, 82, 56),
	(31, 82, 99),
	(32, 82, 8),
	(33, 82, 8),
	(34, 82, 8),
	(35, 82, 8),
	(36, 82, 8),
	(37, 82, 8),
	(38, 82, 8),
	(39, 82, 8),
	(39, 82, 61),
	(40, 82, 8),
	(46, 82, 8),
	(47, 82, 8),
	(50, 82, 8),
	(51, 82, 8),
	(52, 82, 8),
	(53, 82, 8),
	(54, 82, 8),
	(55, 82, 8),
	(56, 82, 8),
	(57, 82, 8),
	(58, 82, 8),
	(59, 82, 8),
	(60, 82, 8),
	(60, 82, 82),
	(61, 82, 8),
	(61, 82, 75),
	(62, 82, 8),
	(62, 82, 56),
	(63, 82, 8),
	(64, 82, 8),
	(65, 82, 8),
	(66, 82, 8),
	(67, 82, 8),
	(68, 82, 8),
	(71, 82, 8),
	(74, 82, 8),
	(75, 82, 8),
	(76, 82, 8),
	(77, 82, 8),
	(78, 82, 8),
	(79, 82, 8),
	(80, 82, 8),
	(83, 82, 8),
	(84, 82, 8),
	(85, 82, 8),
	(86, 82, 8),
	(87, 82, 8),
	(88, 82, 8),
	(89, 82, 8),
	(94, 82, 8),
	(95, 82, 8),
	(96, 82, 8),
	(97, 82, 8),
	(98, 82, 8),
	(99, 82, 8),
	(104, 82, 8),
	(105, 82, 8),
	(106, 82, 8),
	(107, 82, 8),
	(108, 82, 8),
	(111, 82, 8),
	(56, 83, 73),
	(57, 83, 56),
	(57, 83, 73),
	(66, 83, 56),
	(67, 83, 56),
	(68, 83, 56),
	(27, 84, 66),
	(28, 84, 84),
	(29, 84, 78),
	(30, 84, 62),
	(52, 84, 75),
	(53, 84, 103),
	(54, 84, 69),
	(55, 84, 63),
	(56, 84, 89),
	(57, 84, 56),
	(57, 84, 89),
	(1, 85, 56),
	(2, 85, 56),
	(3, 85, 56),
	(4, 85, 56),
	(5, 85, 56),
	(6, 85, 56),
	(21, 85, 56),
	(22, 85, 56),
	(29, 85, 56),
	(30, 85, 56),
	(35, 85, 56),
	(50, 85, 73),
	(51, 85, 56),
	(51, 85, 73),
	(52, 85, 56),
	(53, 85, 56),
	(77, 85, 81),
	(78, 85, 56),
	(78, 85, 81),
	(79, 85, 60),
	(80, 85, 60),
	(84, 85, 59),
	(85, 85, 56),
	(85, 85, 59),
	(86, 85, 65),
	(87, 85, 56),
	(87, 85, 65),
	(104, 85, 56),
	(105, 85, 56),
	(98, 86, 92),
	(99, 86, 92),
	(19, 87, 98),
	(20, 87, 98),
	(3, 88, 15),
	(6, 88, 15),
	(9, 88, 15),
	(12, 88, 15),
	(15, 88, 15),
	(18, 88, 15),
	(20, 88, 15),
	(22, 88, 15),
	(24, 88, 15),
	(26, 88, 15),
	(28, 88, 15),
	(31, 88, 15),
	(34, 88, 15),
	(36, 88, 15),
	(38, 88, 15),
	(40, 88, 15),
	(42, 88, 15),
	(45, 88, 15),
	(47, 88, 15),
	(49, 88, 15),
	(51, 88, 15),
	(53, 88, 15),
	(55, 88, 15),
	(57, 88, 15),
	(59, 88, 15),
	(62, 88, 15),
	(65, 88, 15),
	(68, 88, 15),
	(71, 88, 15),
	(73, 88, 15),
	(76, 88, 15),
	(78, 88, 15),
	(80, 88, 15),
	(82, 88, 15),
	(85, 88, 15),
	(87, 88, 15),
	(89, 88, 15),
	(91, 88, 15),
	(94, 88, 15),
	(97, 88, 15),
	(99, 88, 15),
	(101, 88, 15),
	(103, 88, 15),
	(105, 88, 15),
	(108, 88, 15),
	(110, 88, 15),
	(7, 89, 56),
	(8, 89, 56),
	(9, 89, 56),
	(19, 89, 56),
	(20, 89, 56),
	(25, 89, 56),
	(26, 89, 56),
	(29, 89, 89),
	(30, 89, 99),
	(31, 89, 56),
	(37, 89, 56),
	(38, 89, 56),
	(54, 89, 80),
	(55, 89, 56),
	(55, 89, 80),
	(69, 89, 56),
	(77, 89, 65),
	(78, 89, 56),
	(78, 89, 65),
	(111, 89, 81),
	(112, 89, 56),
	(4, 90, 73),
	(5, 90, 73),
	(6, 90, 56),
	(6, 90, 73),
	(21, 90, 72),
	(22, 90, 56),
	(22, 90, 72),
	(23, 90, 56),
	(24, 90, 56),
	(32, 90, 56),
	(33, 90, 56),
	(56, 90, 56),
	(57, 90, 56),
	(58, 90, 99),
	(59, 90, 56),
	(66, 90, 92),
	(67, 90, 56),
	(67, 90, 92),
	(68, 90, 56),
	(68, 90, 92),
	(83, 90, 57),
	(90, 90, 83),
	(98, 90, 56),
	(99, 90, 56),
	(104, 90, 92),
	(105, 90, 56),
	(105, 90, 92),
	(111, 90, 102),
	(4, 91, 5),
	(5, 91, 5),
	(6, 91, 5),
	(7, 91, 5),
	(8, 91, 5),
	(9, 91, 5),
	(25, 91, 5),
	(26, 91, 5),
	(31, 91, 5),
	(34, 91, 5),
	(35, 91, 5),
	(36, 91, 5),
	(39, 91, 5),
	(40, 91, 5),
	(54, 91, 5),
	(55, 91, 5),
	(56, 91, 5),
	(57, 91, 5),
	(61, 91, 5),
	(62, 91, 5),
	(63, 91, 5),
	(64, 91, 5),
	(65, 91, 5),
	(66, 91, 5),
	(67, 91, 5),
	(68, 91, 5),
	(80, 91, 5),
	(94, 91, 5),
	(96, 91, 5),
	(97, 91, 5),
	(104, 91, 5),
	(105, 91, 5),
	(106, 91, 5),
	(106, 91, 109),
	(107, 91, 5),
	(108, 91, 5),
	(4, 92, 1),
	(5, 92, 1),
	(6, 92, 1),
	(7, 92, 1),
	(8, 92, 1),
	(9, 92, 1),
	(25, 92, 1),
	(26, 92, 1),
	(31, 92, 1),
	(34, 92, 1),
	(35, 92, 1),
	(36, 92, 1),
	(39, 92, 1),
	(40, 92, 1),
	(54, 92, 1),
	(55, 92, 1),
	(56, 92, 1),
	(57, 92, 1),
	(61, 92, 1),
	(62, 92, 1),
	(63, 92, 1),
	(64, 92, 1),
	(65, 92, 1),
	(66, 92, 1),
	(67, 92, 1),
	(68, 92, 1),
	(74, 92, 1),
	(75, 92, 1),
	(76, 92, 1),
	(80, 92, 1),
	(94, 92, 1),
	(96, 92, 1),
	(97, 92, 1),
	(104, 92, 1),
	(105, 92, 1),
	(106, 92, 1),
	(107, 92, 1),
	(107, 92, 63),
	(108, 92, 1),
	(35, 93, 35),
	(35, 93, 82),
	(36, 93, 35),
	(36, 93, 56),
	(56, 93, 35),
	(57, 93, 35),
	(61, 93, 35),
	(62, 93, 35),
	(63, 93, 35),
	(64, 93, 35),
	(65, 93, 35),
	(66, 93, 35),
	(67, 93, 35),
	(68, 93, 35),
	(74, 93, 35),
	(75, 93, 35),
	(76, 93, 35),
	(94, 93, 35),
	(96, 93, 35),
	(97, 93, 35),
	(106, 93, 35),
	(107, 93, 35),
	(1, 94, 31),
	(2, 94, 31),
	(3, 94, 31),
	(4, 94, 31),
	(5, 94, 31),
	(6, 94, 31),
	(7, 94, 31),
	(8, 94, 31),
	(9, 94, 31),
	(12, 94, 31),
	(15, 94, 31),
	(16, 94, 31),
	(17, 94, 31),
	(18, 94, 31),
	(19, 94, 31),
	(20, 94, 31),
	(21, 94, 31),
	(22, 94, 31),
	(23, 94, 31),
	(24, 94, 31),
	(25, 94, 31),
	(26, 94, 31),
	(27, 94, 31),
	(28, 94, 31),
	(29, 94, 31),
	(30, 94, 31),
	(31, 94, 31),
	(32, 94, 31),
	(33, 94, 31),
	(34, 94, 31),
	(35, 94, 31),
	(36, 94, 31),
	(37, 94, 31),
	(38, 94, 31),
	(39, 94, 31),
	(40, 94, 31),
	(41, 94, 31),
	(42, 94, 31),
	(43, 94, 31),
	(44, 94, 31),
	(45, 94, 31),
	(46, 94, 31),
	(47, 94, 31),
	(48, 94, 31),
	(49, 94, 31),
	(50, 94, 31),
	(51, 94, 31),
	(52, 94, 31),
	(53, 94, 31),
	(54, 94, 31),
	(55, 94, 31),
	(56, 94, 31),
	(57, 94, 31),
	(58, 94, 31),
	(59, 94, 31),
	(60, 94, 31),
	(61, 94, 31),
	(62, 94, 31),
	(63, 94, 31),
	(64, 94, 31),
	(65, 94, 31),
	(66, 94, 31),
	(67, 94, 31),
	(68, 94, 31),
	(69, 94, 31),
	(70, 94, 31),
	(71, 94, 31),
	(72, 94, 31),
	(73, 94, 31),
	(74, 94, 31),
	(75, 94, 31),
	(76, 94, 31),
	(77, 94, 31),
	(78, 94, 31),
	(79, 94, 31),
	(80, 94, 31),
	(81, 94, 31),
	(82, 94, 31),
	(83, 94, 31),
	(84, 94, 31),
	(85, 94, 31),
	(86, 94, 31),
	(87, 94, 31),
	(88, 94, 31),
	(89, 94, 31),
	(90, 94, 31),
	(91, 94, 31),
	(92, 94, 31),
	(93, 94, 31),
	(94, 94, 31),
	(95, 94, 31),
	(96, 94, 31),
	(97, 94, 31),
	(98, 94, 31),
	(99, 94, 31),
	(100, 94, 31),
	(101, 94, 31),
	(102, 94, 31),
	(103, 94, 31),
	(104, 94, 31),
	(105, 94, 31),
	(106, 94, 31),
	(107, 94, 31),
	(108, 94, 31),
	(109, 94, 31),
	(110, 94, 31),
	(111, 94, 31),
	(7, 95, 64),
	(8, 95, 74),
	(9, 95, 74),
	(23, 95, 88),
	(24, 95, 88),
	(29, 95, 100),
	(30, 95, 91),
	(41, 95, 73),
	(42, 95, 73),
	(52, 95, 86),
	(53, 95, 56),
	(53, 95, 86),
	(58, 95, 56),
	(109, 96, 103),
	(110, 96, 83),
	(30, 97, 7),
	(31, 97, 7),
	(32, 97, 7),
	(32, 97, 78),
	(33, 97, 7),
	(33, 97, 62),
	(34, 97, 7),
	(77, 97, 7),
	(78, 97, 7),
	(86, 97, 7),
	(87, 97, 7),
	(111, 97, 7),
	(111, 97, 107),
	(77, 98, 91),
	(78, 98, 56),
	(78, 98, 91),
	(98, 98, 65),
	(99, 98, 61),
	(103, 98, 80),
	(108, 98, 57),
	(111, 98, 65),
	(112, 98, 56),
	(112, 98, 65),
	(69, 100, 76),
	(70, 100, 97),
	(95, 100, 75),
	(108, 100, 82),
	(102, 101, 56),
	(103, 101, 56),
	(107, 102, 56),
	(4, 103, 39),
	(5, 103, 39),
	(6, 103, 39),
	(12, 103, 39),
	(15, 103, 39),
	(16, 103, 39),
	(17, 103, 39),
	(18, 103, 39),
	(19, 103, 34),
	(19, 103, 39),
	(20, 103, 34),
	(20, 103, 39),
	(21, 103, 39),
	(22, 103, 39),
	(25, 103, 39),
	(25, 103, 90),
	(26, 103, 39),
	(27, 103, 39),
	(27, 103, 82),
	(28, 103, 39),
	(28, 103, 78),
	(37, 103, 39),
	(38, 103, 39),
	(41, 103, 39),
	(42, 103, 39),
	(49, 103, 39),
	(52, 103, 39),
	(53, 103, 39),
	(54, 103, 39),
	(55, 103, 39),
	(56, 103, 39),
	(57, 103, 39),
	(58, 103, 39),
	(59, 103, 39),
	(77, 103, 39),
	(78, 103, 39),
	(81, 103, 39),
	(81, 103, 62),
	(82, 103, 39),
	(82, 103, 67),
	(83, 103, 39),
	(90, 103, 39),
	(91, 103, 39),
	(100, 103, 39),
	(100, 103, 78),
	(101, 103, 39),
	(101, 103, 78),
	(106, 103, 39),
	(107, 103, 39),
	(64, 104, 82),
	(65, 104, 82),
	(35, 105, 74),
	(36, 105, 56),
	(88, 105, 75),
	(89, 105, 75),
	(12, 106, 4),
	(12, 106, 82),
	(16, 106, 4),
	(16, 106, 94),
	(17, 106, 4),
	(17, 106, 89),
	(18, 106, 4),
	(18, 106, 89),
	(21, 106, 4),
	(22, 106, 4),
	(41, 106, 4),
	(42, 106, 4),
	(49, 106, 4),
	(83, 106, 4),
	(84, 106, 4),
	(85, 106, 4),
	(23, 107, 56),
	(24, 107, 56),
	(69, 107, 58),
	(70, 107, 56),
	(70, 107, 58),
	(71, 107, 58),
	(72, 107, 58),
	(73, 107, 56),
	(73, 107, 58),
	(108, 107, 56),
	(35, 109, 83),
	(39, 109, 94),
	(40, 109, 56),
	(74, 109, 108),
	(75, 109, 56),
	(75, 109, 108),
	(76, 109, 56),
	(76, 109, 108),
	(108, 109, 99),
	(37, 110, 89),
	(38, 110, 56),
	(58, 110, 56),
	(59, 110, 56),
	(19, 112, 61),
	(20, 112, 62),
	(12, 113, 81),
	(41, 113, 101),
	(42, 113, 56),
	(72, 113, 57),
	(73, 113, 56),
	(73, 113, 57),
	(81, 113, 100),
	(82, 113, 100),
	(90, 113, 106),
	(91, 113, 56),
	(108, 113, 56),
	(1, 114, 50),
	(2, 114, 50),
	(3, 114, 50),
	(5, 114, 50),
	(6, 114, 50),
	(7, 114, 50),
	(8, 114, 50),
	(9, 114, 50),
	(12, 114, 50),
	(15, 114, 50),
	(16, 114, 50),
	(17, 114, 50),
	(18, 114, 50),
	(19, 114, 50),
	(20, 114, 50),
	(21, 114, 50),
	(22, 114, 50),
	(23, 114, 50),
	(24, 114, 50),
	(25, 114, 50),
	(26, 114, 50),
	(27, 114, 50),
	(28, 114, 50),
	(29, 114, 50),
	(30, 114, 50),
	(31, 114, 50),
	(32, 114, 50),
	(33, 114, 50),
	(34, 114, 50),
	(35, 114, 50),
	(36, 114, 50),
	(37, 114, 50),
	(38, 114, 50),
	(39, 114, 50),
	(40, 114, 50),
	(41, 114, 50),
	(42, 114, 50),
	(43, 114, 50),
	(44, 114, 50),
	(45, 114, 50),
	(46, 114, 50),
	(47, 114, 50),
	(48, 114, 50),
	(49, 114, 50),
	(50, 114, 50),
	(51, 114, 50),
	(52, 114, 50),
	(53, 114, 50),
	(54, 114, 50),
	(55, 114, 50),
	(56, 114, 50),
	(57, 114, 50),
	(58, 114, 50),
	(59, 114, 50),
	(60, 114, 50),
	(61, 114, 50),
	(62, 114, 50),
	(63, 114, 50),
	(64, 114, 50),
	(65, 114, 50),
	(66, 114, 50),
	(67, 114, 50),
	(68, 114, 50),
	(69, 114, 50),
	(70, 114, 50),
	(71, 114, 50),
	(72, 114, 50),
	(73, 114, 50),
	(74, 114, 50),
	(75, 114, 50),
	(76, 114, 50),
	(77, 114, 50),
	(78, 114, 50),
	(79, 114, 50),
	(80, 114, 50),
	(81, 114, 50),
	(82, 114, 50),
	(83, 114, 50),
	(84, 114, 50),
	(85, 114, 50),
	(86, 114, 50),
	(87, 114, 50),
	(88, 114, 50),
	(89, 114, 50),
	(90, 114, 50),
	(91, 114, 50),
	(92, 114, 50),
	(93, 114, 50),
	(94, 114, 50),
	(95, 114, 50),
	(96, 114, 50),
	(97, 114, 50),
	(98, 114, 50),
	(99, 114, 50),
	(100, 114, 50),
	(101, 114, 50),
	(102, 114, 50),
	(103, 114, 50),
	(104, 114, 50),
	(105, 114, 50),
	(106, 114, 50),
	(107, 114, 50),
	(108, 114, 50),
	(109, 114, 50),
	(110, 114, 50),
	(111, 114, 50),
	(16, 115, 56),
	(17, 115, 56),
	(18, 115, 56),
	(35, 117, 49),
	(36, 117, 49),
	(39, 117, 49),
	(40, 117, 49),
	(63, 117, 49),
	(64, 117, 49),
	(65, 117, 49),
	(79, 117, 49),
	(80, 117, 49),
	(84, 117, 49),
	(84, 117, 96),
	(85, 117, 49),
	(85, 117, 107),
	(90, 117, 49),
	(91, 117, 49),
	(96, 117, 49),
	(97, 117, 49),
	(1, 118, 34),
	(2, 118, 34),
	(3, 118, 34),
	(4, 118, 34),
	(5, 118, 34),
	(6, 118, 34),
	(7, 118, 34),
	(8, 118, 34),
	(9, 118, 34),
	(12, 118, 34),
	(15, 118, 34),
	(16, 118, 34),
	(17, 118, 34),
	(18, 118, 34),
	(19, 118, 34),
	(20, 118, 34),
	(21, 118, 34),
	(22, 118, 34),
	(23, 118, 34),
	(24, 118, 34),
	(25, 118, 34),
	(26, 118, 34),
	(27, 118, 34),
	(28, 118, 34),
	(29, 118, 34),
	(30, 118, 34),
	(31, 118, 34),
	(32, 118, 34),
	(33, 118, 34),
	(34, 118, 34),
	(35, 118, 34),
	(36, 118, 34),
	(37, 118, 34),
	(38, 118, 34),
	(39, 118, 34),
	(40, 118, 34),
	(41, 118, 34),
	(42, 118, 34),
	(43, 118, 34),
	(44, 118, 34),
	(45, 118, 34),
	(46, 118, 34),
	(47, 118, 34),
	(48, 118, 34),
	(49, 118, 34),
	(50, 118, 34),
	(51, 118, 34),
	(52, 118, 34),
	(53, 118, 34),
	(54, 118, 34),
	(55, 118, 34),
	(56, 118, 34),
	(57, 118, 34),
	(58, 118, 34),
	(59, 118, 34),
	(60, 118, 34),
	(61, 118, 34),
	(62, 118, 34),
	(63, 118, 34),
	(64, 118, 34),
	(65, 118, 34),
	(66, 118, 34),
	(67, 118, 34),
	(68, 118, 34),
	(69, 118, 34),
	(70, 118, 34),
	(71, 118, 34),
	(72, 118, 34),
	(73, 118, 34),
	(74, 118, 26),
	(75, 118, 26),
	(76, 118, 26),
	(77, 118, 26),
	(78, 118, 26),
	(79, 118, 34),
	(80, 118, 34),
	(81, 118, 34),
	(82, 118, 34),
	(83, 118, 34),
	(84, 118, 34),
	(85, 118, 34),
	(86, 118, 34),
	(87, 118, 34),
	(88, 118, 34),
	(89, 118, 34),
	(90, 118, 34),
	(91, 118, 34),
	(92, 118, 34),
	(93, 118, 34),
	(94, 118, 34),
	(95, 118, 34),
	(96, 118, 34),
	(97, 118, 34),
	(98, 118, 34),
	(99, 118, 34),
	(100, 118, 34),
	(101, 118, 34),
	(102, 118, 34),
	(103, 118, 34),
	(104, 118, 34),
	(105, 118, 34),
	(106, 118, 34),
	(107, 118, 34),
	(108, 118, 34),
	(109, 118, 34),
	(110, 118, 34),
	(111, 118, 34),
	(12, 119, 2),
	(16, 119, 2),
	(17, 119, 2),
	(18, 119, 2),
	(21, 119, 2),
	(22, 119, 2),
	(41, 119, 2),
	(42, 119, 2),
	(49, 119, 2),
	(83, 119, 2),
	(43, 120, 56),
	(44, 120, 56),
	(43, 121, 75),
	(44, 121, 66),
	(45, 121, 56),
	(1, 122, 57),
	(2, 122, 56),
	(2, 122, 57),
	(3, 122, 56),
	(3, 122, 57),
	(102, 122, 80),
	(46, 123, 60),
	(47, 123, 65),
	(1, 124, 60),
	(2, 124, 65),
	(3, 124, 65),
	(69, 124, 75),
	(70, 124, 66),
	(71, 124, 56),
	(1, 125, 58),
	(2, 125, 58),
	(3, 125, 56),
	(3, 125, 58),
	(69, 125, 56),
	(70, 125, 56),
	(1, 126, 21),
	(2, 126, 21),
	(3, 126, 21),
	(12, 126, 21),
	(15, 126, 21),
	(23, 126, 21),
	(24, 126, 21),
	(41, 126, 21),
	(42, 126, 21),
	(43, 126, 21),
	(44, 126, 21),
	(45, 126, 21),
	(46, 126, 21),
	(47, 126, 21),
	(48, 126, 21),
	(49, 126, 21),
	(69, 126, 21),
	(70, 126, 21),
	(71, 126, 21),
	(72, 126, 21),
	(73, 126, 21),
	(88, 126, 21),
	(89, 126, 21),
	(92, 126, 21),
	(93, 126, 21),
	(94, 126, 21),
	(103, 126, 21),
	(12, 127, 79),
	(43, 127, 88),
	(44, 127, 56),
	(44, 127, 88),
	(45, 127, 56),
	(45, 127, 88),
	(46, 127, 58),
	(47, 127, 56),
	(47, 127, 58),
	(48, 127, 65),
	(49, 127, 65),
	(69, 127, 89),
	(70, 127, 99),
	(71, 127, 56),
	(102, 127, 91),
	(1, 128, 22),
	(1, 128, 63),
	(2, 128, 22),
	(2, 128, 68),
	(3, 128, 22),
	(3, 128, 71),
	(12, 128, 22),
	(35, 128, 22),
	(36, 128, 22),
	(39, 128, 22),
	(40, 128, 22),
	(43, 128, 22),
	(43, 128, 67),
	(44, 128, 22),
	(44, 128, 85),
	(45, 128, 22),
	(46, 128, 22),
	(47, 128, 22),
	(48, 128, 22),
	(49, 128, 22),
	(69, 128, 22),
	(70, 128, 22),
	(71, 128, 22),
	(102, 128, 76),
	(103, 128, 22),
	(1, 129, 62),
	(2, 129, 67),
	(3, 129, 70),
	(12, 129, 80),
	(43, 129, 94),
	(45, 129, 56),
	(45, 129, 94),
	(48, 129, 66),
	(49, 129, 69),
	(69, 129, 106),
	(70, 129, 106),
	(71, 129, 56),
	(71, 129, 106),
	(102, 129, 63),
	(15, 130, 81),
	(16, 130, 78),
	(17, 130, 96),
	(18, 130, 95),
	(21, 130, 78),
	(22, 130, 69),
	(25, 130, 75),
	(58, 130, 83),
	(77, 130, 63),
	(78, 130, 70),
	(83, 130, 82),
	(84, 130, 95),
	(85, 130, 104),
	(107, 130, 56),
	(60, 131, 66),
	(61, 131, 62),
	(79, 131, 96),
	(80, 131, 95),
	(72, 132, 75),
	(73, 132, 81),
	(92, 133, 42),
	(92, 133, 81),
	(93, 133, 42),
	(93, 133, 66),
	(94, 133, 42),
	(94, 133, 66),
	(96, 133, 42),
	(97, 133, 42),
	(12, 134, 56),
	(12, 134, 78),
	(54, 134, 78),
	(55, 134, 83),
	(64, 134, 56),
	(64, 134, 87),
	(65, 134, 56),
	(65, 134, 87),
	(79, 134, 56),
	(80, 134, 56),
	(96, 134, 88),
	(97, 134, 56),
	(97, 134, 88),
	(1, 135, 44),
	(2, 135, 44),
	(3, 135, 44),
	(4, 135, 44),
	(5, 135, 44),
	(6, 135, 44),
	(7, 135, 44),
	(8, 135, 44),
	(9, 135, 44),
	(12, 135, 44),
	(15, 135, 44),
	(16, 135, 44),
	(17, 135, 44),
	(18, 135, 44),
	(19, 135, 44),
	(20, 135, 44),
	(21, 135, 44),
	(22, 135, 44),
	(23, 135, 44),
	(24, 135, 44),
	(25, 135, 44),
	(26, 135, 44),
	(27, 135, 44),
	(28, 135, 44),
	(29, 135, 44),
	(30, 135, 44),
	(31, 135, 44),
	(32, 135, 44),
	(33, 135, 44),
	(34, 135, 44),
	(37, 135, 44),
	(38, 135, 44),
	(39, 135, 44),
	(39, 135, 100),
	(40, 135, 44),
	(41, 135, 44),
	(42, 135, 44),
	(43, 135, 44),
	(44, 135, 44),
	(45, 135, 44),
	(46, 135, 44),
	(47, 135, 44),
	(48, 135, 44),
	(49, 135, 44),
	(50, 135, 44),
	(51, 135, 44),
	(52, 135, 44),
	(53, 135, 44),
	(54, 135, 44),
	(55, 135, 44),
	(56, 135, 44),
	(57, 135, 44),
	(58, 135, 44),
	(59, 135, 44),
	(60, 135, 44),
	(61, 135, 44),
	(62, 135, 44),
	(63, 135, 44),
	(64, 135, 44),
	(65, 135, 44),
	(66, 135, 44),
	(67, 135, 44),
	(68, 135, 44),
	(69, 135, 44),
	(70, 135, 44),
	(71, 135, 44),
	(72, 135, 44),
	(73, 135, 44),
	(74, 135, 44),
	(75, 135, 44),
	(76, 135, 44),
	(77, 135, 44),
	(78, 135, 44),
	(79, 135, 44),
	(80, 135, 44),
	(81, 135, 44),
	(82, 135, 44),
	(83, 135, 44),
	(84, 135, 44),
	(85, 135, 44),
	(86, 135, 44),
	(86, 135, 96),
	(87, 135, 44),
	(87, 135, 95),
	(88, 135, 44),
	(89, 135, 44),
	(90, 135, 44),
	(91, 135, 44),
	(92, 135, 44),
	(93, 135, 44),
	(94, 135, 44),
	(95, 135, 44),
	(96, 135, 44),
	(97, 135, 44),
	(98, 135, 44),
	(99, 135, 44),
	(100, 135, 44),
	(101, 135, 44),
	(102, 135, 44),
	(103, 135, 44),
	(104, 135, 44),
	(105, 135, 44),
	(106, 135, 44),
	(107, 135, 44),
	(108, 135, 44),
	(109, 135, 44),
	(110, 135, 44),
	(111, 135, 44),
	(60, 136, 87),
	(61, 136, 56),
	(61, 136, 87),
	(62, 136, 56),
	(62, 136, 87),
	(92, 136, 60),
	(93, 136, 100),
	(94, 136, 100),
	(96, 136, 56),
	(97, 136, 56),
	(102, 136, 56),
	(103, 136, 56),
	(96, 138, 103),
	(97, 138, 69),
	(106, 138, 56),
	(35, 139, 63),
	(100, 139, 100),
	(101, 139, 100),
	(12, 140, 46),
	(35, 140, 46),
	(36, 140, 46),
	(39, 140, 46),
	(40, 140, 46),
	(48, 140, 46),
	(49, 140, 46),
	(60, 140, 46),
	(61, 140, 46),
	(62, 140, 46),
	(63, 140, 46),
	(64, 140, 46),
	(65, 140, 46),
	(79, 140, 46),
	(80, 140, 46),
	(92, 140, 46),
	(93, 140, 46),
	(94, 140, 46),
	(96, 140, 46),
	(97, 140, 46),
	(102, 140, 46),
	(103, 140, 46),
	(12, 141, 83),
	(48, 141, 81),
	(49, 141, 66),
	(64, 141, 60),
	(65, 141, 60),
	(12, 142, 29),
	(35, 142, 29),
	(36, 142, 29),
	(39, 142, 29),
	(40, 142, 29),
	(48, 142, 29),
	(48, 142, 69),
	(49, 142, 29),
	(49, 142, 102),
	(60, 142, 29),
	(61, 142, 29),
	(62, 142, 29),
	(63, 142, 29),
	(64, 142, 29),
	(64, 142, 66),
	(65, 142, 29),
	(65, 142, 66),
	(79, 142, 29),
	(79, 142, 63),
	(80, 142, 29),
	(80, 142, 70),
	(92, 142, 29),
	(93, 142, 29),
	(94, 142, 29),
	(96, 142, 29),
	(96, 142, 91),
	(97, 142, 29),
	(97, 142, 103),
	(102, 142, 29),
	(103, 142, 29),
	(1, 143, 33),
	(2, 143, 33),
	(3, 143, 33),
	(4, 143, 33),
	(5, 143, 33),
	(6, 143, 33),
	(7, 143, 33),
	(8, 143, 33),
	(9, 143, 33),
	(12, 143, 33),
	(15, 143, 33),
	(16, 143, 33),
	(17, 143, 33),
	(18, 143, 33),
	(25, 143, 33),
	(26, 143, 33),
	(29, 143, 33),
	(30, 143, 33),
	(31, 143, 33),
	(32, 143, 33),
	(33, 143, 33),
	(34, 143, 33),
	(35, 143, 33),
	(36, 143, 33),
	(37, 143, 33),
	(38, 143, 33),
	(39, 143, 33),
	(40, 143, 33),
	(43, 143, 33),
	(44, 143, 33),
	(45, 143, 33),
	(46, 143, 33),
	(47, 143, 33),
	(48, 143, 33),
	(49, 143, 33),
	(58, 143, 33),
	(59, 143, 33),
	(63, 143, 33),
	(64, 143, 28),
	(64, 143, 33),
	(64, 143, 76),
	(65, 143, 28),
	(65, 143, 33),
	(65, 143, 76),
	(69, 143, 33),
	(70, 143, 33),
	(71, 143, 33),
	(72, 143, 33),
	(73, 143, 33),
	(77, 143, 33),
	(78, 143, 33),
	(79, 143, 33),
	(80, 143, 33),
	(81, 143, 33),
	(82, 143, 33),
	(83, 143, 33),
	(84, 143, 33),
	(85, 143, 33),
	(90, 143, 33),
	(91, 143, 33),
	(96, 143, 33),
	(97, 143, 33),
	(100, 143, 33),
	(101, 143, 33),
	(102, 143, 33),
	(102, 143, 92),
	(103, 143, 33),
	(12, 144, 30),
	(35, 144, 30),
	(36, 144, 30),
	(39, 144, 30),
	(40, 144, 30),
	(49, 144, 30),
	(63, 144, 30),
	(63, 144, 56),
	(64, 144, 30),
	(64, 144, 56),
	(65, 144, 30),
	(65, 144, 56),
	(79, 144, 30),
	(80, 144, 30),
	(81, 144, 30),
	(82, 144, 30),
	(90, 144, 30),
	(91, 144, 30),
	(96, 144, 30),
	(97, 144, 30),
	(100, 144, 30),
	(101, 144, 30),
	(102, 144, 30),
	(103, 144, 30),
	(23, 145, 48),
	(24, 145, 48),
	(27, 145, 48),
	(28, 145, 48),
	(31, 145, 48),
	(34, 145, 48),
	(50, 145, 48),
	(51, 145, 48),
	(56, 145, 48),
	(57, 145, 48),
	(66, 145, 48),
	(67, 145, 48),
	(68, 145, 48),
	(74, 145, 48),
	(75, 145, 48),
	(76, 145, 48),
	(95, 145, 48),
	(111, 145, 48),
	(74, 146, 87),
	(75, 146, 56),
	(75, 146, 87),
	(76, 146, 56),
	(76, 146, 87),
	(95, 146, 94),
	(4, 147, 28),
	(5, 147, 28),
	(6, 147, 28),
	(7, 147, 28),
	(8, 147, 28),
	(9, 147, 28),
	(19, 147, 28),
	(20, 147, 28),
	(27, 147, 28),
	(28, 147, 28),
	(37, 147, 28),
	(38, 147, 28),
	(46, 147, 28),
	(47, 147, 28),
	(50, 147, 28),
	(50, 147, 94),
	(51, 147, 28),
	(51, 147, 56),
	(51, 147, 94),
	(54, 147, 28),
	(55, 147, 28),
	(56, 147, 28),
	(57, 147, 28),
	(58, 147, 28),
	(59, 147, 28),
	(66, 147, 28),
	(67, 147, 28),
	(68, 147, 28),
	(74, 147, 28),
	(75, 147, 28),
	(76, 147, 28),
	(79, 147, 28),
	(80, 147, 28),
	(95, 147, 28),
	(104, 147, 28),
	(105, 147, 28),
	(111, 147, 28),
	(6, 148, 27),
	(9, 148, 27),
	(23, 148, 27),
	(24, 148, 27),
	(27, 148, 27),
	(28, 148, 27),
	(31, 148, 27),
	(34, 148, 27),
	(50, 148, 27),
	(51, 148, 27),
	(61, 148, 27),
	(62, 148, 27),
	(66, 148, 27),
	(67, 148, 27),
	(68, 148, 27),
	(74, 148, 27),
	(75, 148, 27),
	(76, 148, 27),
	(79, 148, 27),
	(80, 148, 27),
	(95, 148, 27),
	(104, 148, 27),
	(105, 148, 27),
	(108, 148, 27),
	(111, 148, 27),
	(104, 149, 56),
	(105, 149, 56),
	(104, 150, 69),
	(105, 150, 63),
	(6, 151, 26),
	(9, 151, 26),
	(23, 151, 26),
	(24, 151, 26),
	(27, 151, 26),
	(28, 151, 26),
	(31, 151, 26),
	(34, 151, 26),
	(50, 151, 26),
	(50, 151, 96),
	(51, 151, 26),
	(51, 151, 84),
	(61, 151, 26),
	(62, 151, 26),
	(66, 151, 26),
	(67, 151, 26),
	(68, 151, 26),
	(74, 151, 26),
	(74, 151, 82),
	(75, 151, 26),
	(75, 151, 78),
	(76, 151, 26),
	(76, 151, 78),
	(79, 151, 26),
	(80, 151, 26),
	(95, 151, 26),
	(104, 151, 26),
	(105, 151, 26),
	(108, 151, 26),
	(111, 151, 26),
	(23, 152, 66),
	(24, 152, 84),
	(43, 152, 74),
	(44, 152, 80),
	(45, 152, 56),
	(69, 152, 90),
	(70, 152, 100),
	(71, 152, 56),
	(72, 152, 56),
	(73, 152, 56),
	(88, 153, 70),
	(89, 153, 110),
	(88, 154, 65),
	(89, 154, 56),
	(89, 154, 65),
	(96, 154, 100),
	(97, 154, 75),
	(13, 155, 56),
	(23, 155, 101),
	(24, 155, 56),
	(24, 155, 101),
	(27, 155, 74),
	(28, 155, 60),
	(29, 155, 98),
	(30, 155, 98),
	(31, 155, 98),
	(32, 155, 98),
	(33, 155, 98),
	(34, 155, 56),
	(34, 155, 98),
	(72, 155, 106),
	(73, 155, 106),
	(109, 156, 56),
	(110, 156, 56),
	(1, 157, 59),
	(2, 157, 64),
	(3, 157, 64),
	(12, 157, 73),
	(43, 157, 73),
	(44, 157, 56),
	(44, 157, 73),
	(45, 157, 73),
	(48, 157, 74),
	(49, 157, 56),
	(49, 157, 74),
	(69, 157, 73),
	(70, 157, 73),
	(71, 157, 73),
	(102, 157, 103),
	(88, 158, 103),
	(89, 158, 103),
	(109, 158, 91),
	(110, 158, 56),
	(110, 158, 91),
	(1, 159, 6),
	(2, 159, 6),
	(3, 159, 6),
	(4, 159, 6),
	(5, 159, 6),
	(6, 159, 6),
	(12, 159, 6),
	(15, 159, 6),
	(16, 159, 6),
	(17, 159, 6),
	(18, 159, 6),
	(19, 159, 6),
	(20, 159, 6),
	(21, 159, 6),
	(22, 159, 6),
	(23, 159, 6),
	(24, 159, 6),
	(25, 159, 6),
	(26, 159, 6),
	(27, 159, 6),
	(28, 159, 6),
	(29, 159, 6),
	(30, 159, 6),
	(31, 159, 6),
	(32, 159, 6),
	(33, 159, 6),
	(34, 159, 6),
	(35, 159, 6),
	(36, 159, 6),
	(37, 159, 6),
	(38, 159, 6),
	(39, 159, 6),
	(40, 159, 6),
	(41, 159, 6),
	(42, 159, 6),
	(43, 159, 6),
	(44, 159, 6),
	(45, 159, 6),
	(46, 159, 6),
	(47, 159, 6),
	(48, 159, 6),
	(49, 159, 6),
	(50, 159, 6),
	(51, 159, 6),
	(52, 159, 6),
	(53, 159, 6),
	(54, 159, 6),
	(55, 159, 6),
	(56, 159, 6),
	(57, 159, 6),
	(58, 159, 6),
	(59, 159, 6),
	(60, 159, 6),
	(61, 159, 6),
	(62, 159, 6),
	(63, 159, 6),
	(64, 159, 6),
	(65, 159, 6),
	(66, 159, 6),
	(67, 159, 6),
	(68, 159, 6),
	(69, 159, 6),
	(70, 159, 6),
	(71, 159, 6),
	(72, 159, 6),
	(73, 159, 6),
	(74, 159, 6),
	(75, 159, 6),
	(76, 159, 6),
	(77, 159, 6),
	(78, 159, 6),
	(79, 159, 6),
	(80, 159, 6),
	(81, 159, 6),
	(82, 159, 6),
	(83, 159, 6),
	(84, 159, 6),
	(85, 159, 6),
	(86, 159, 6),
	(87, 159, 6),
	(88, 159, 6),
	(89, 159, 6),
	(90, 159, 6),
	(91, 159, 6),
	(92, 159, 6),
	(93, 159, 6),
	(94, 159, 6),
	(95, 159, 6),
	(96, 159, 6),
	(97, 159, 6),
	(98, 159, 6),
	(99, 159, 6),
	(100, 159, 6),
	(101, 159, 6),
	(102, 159, 6),
	(103, 159, 6),
	(104, 159, 6),
	(105, 159, 6),
	(106, 159, 6),
	(107, 159, 6),
	(108, 159, 6),
	(109, 159, 6),
	(110, 159, 6),
	(111, 159, 6),
	(16, 160, 43),
	(17, 160, 43),
	(18, 160, 43),
	(21, 160, 43),
	(22, 160, 43),
	(84, 160, 43),
	(85, 160, 43),
	(16, 161, 80),
	(17, 161, 82),
	(18, 161, 82),
	(41, 161, 80),
	(42, 161, 91),
	(16, 162, 95),
	(17, 162, 97),
	(18, 162, 68),
	(21, 162, 64),
	(22, 162, 92),
	(21, 164, 100),
	(22, 164, 61),
	(84, 164, 65),
	(85, 164, 65),
	(21, 165, 56),
	(22, 165, 56),
	(83, 165, 56),
	(84, 165, 56),
	(85, 165, 56),
	(6, 166, 52),
	(16, 166, 52),
	(17, 166, 52),
	(18, 166, 52),
	(21, 166, 52),
	(22, 166, 52),
	(83, 166, 52),
	(84, 166, 52),
	(85, 166, 52),
	(72, 167, 90),
	(73, 167, 60);

-- Volcando estructura para tabla pokemondb.pokemon_tipo
CREATE TABLE IF NOT EXISTS `pokemon_tipo` (
  `numero_pokedex` int NOT NULL,
  `id_tipo` int NOT NULL,
  PRIMARY KEY (`numero_pokedex`,`id_tipo`),
  KEY `id_tipo` (`id_tipo`),
  CONSTRAINT `pokemon_tipo_ibfk_1` FOREIGN KEY (`numero_pokedex`) REFERENCES `pokemon` (`numero_pokedex`),
  CONSTRAINT `pokemon_tipo_ibfk_2` FOREIGN KEY (`id_tipo`) REFERENCES `tipo` (`id_tipo`)
) ENGINE=InnoDB DEFAULT CHARSET=utf8mb4 COLLATE=utf8mb4_0900_ai_ci;

-- Volcando datos para la tabla pokemondb.pokemon_tipo: ~214 rows (aproximadamente)
INSERT INTO `pokemon_tipo` (`numero_pokedex`, `id_tipo`) VALUES
	(7, 1),
	(8, 1),
	(9, 1),
	(54, 1),
	(55, 1),
	(60, 1),
	(61, 1),
	(62, 1),
	(72, 1),
	(79, 1),
	(80, 1),
	(86, 1),
	(87, 1),
	(90, 1),
	(91, 1),
	(98, 1),
	(99, 1),
	(116, 1),
	(117, 1),
	(118, 1),
	(119, 1),
	(120, 1),
	(121, 1),
	(129, 1),
	(130, 1),
	(131, 1),
	(134, 1),
	(138, 1),
	(139, 1),
	(140, 1),
	(141, 1),
	(10, 2),
	(11, 2),
	(12, 2),
	(13, 2),
	(14, 2),
	(15, 2),
	(46, 2),
	(47, 2),
	(48, 2),
	(49, 2),
	(73, 2),
	(123, 2),
	(127, 2),
	(147, 3),
	(148, 3),
	(149, 3),
	(25, 4),
	(26, 4),
	(81, 4),
	(82, 4),
	(100, 4),
	(101, 4),
	(125, 4),
	(135, 4),
	(145, 4),
	(92, 5),
	(93, 5),
	(94, 5),
	(4, 6),
	(5, 6),
	(6, 6),
	(37, 6),
	(38, 6),
	(58, 6),
	(59, 6),
	(77, 6),
	(78, 6),
	(126, 6),
	(136, 6),
	(146, 6),
	(86, 7),
	(87, 7),
	(91, 7),
	(124, 7),
	(131, 7),
	(144, 7),
	(56, 8),
	(57, 8),
	(62, 8),
	(66, 8),
	(67, 8),
	(68, 8),
	(106, 8),
	(107, 8),
	(16, 9),
	(17, 9),
	(18, 9),
	(19, 9),
	(20, 9),
	(21, 9),
	(22, 9),
	(35, 9),
	(36, 9),
	(39, 9),
	(40, 9),
	(52, 9),
	(53, 9),
	(83, 9),
	(84, 9),
	(85, 9),
	(108, 9),
	(113, 9),
	(115, 9),
	(128, 9),
	(132, 9),
	(133, 9),
	(137, 9),
	(143, 9),
	(1, 10),
	(2, 10),
	(3, 10),
	(43, 10),
	(44, 10),
	(45, 10),
	(46, 10),
	(47, 10),
	(69, 10),
	(70, 10),
	(71, 10),
	(102, 10),
	(103, 10),
	(114, 10),
	(63, 11),
	(79, 11),
	(80, 11),
	(96, 11),
	(97, 11),
	(102, 11),
	(103, 11),
	(121, 11),
	(122, 11),
	(124, 11),
	(150, 11),
	(151, 11),
	(64, 12),
	(74, 12),
	(75, 12),
	(76, 12),
	(95, 12),
	(111, 12),
	(112, 12),
	(138, 12),
	(139, 12),
	(140, 12),
	(141, 12),
	(142, 12),
	(27, 13),
	(28, 13),
	(31, 13),
	(34, 13),
	(50, 13),
	(51, 13),
	(65, 13),
	(74, 13),
	(75, 13),
	(76, 13),
	(95, 13),
	(104, 13),
	(105, 13),
	(111, 13),
	(112, 13),
	(1, 14),
	(2, 14),
	(3, 14),
	(13, 14),
	(14, 14),
	(15, 14),
	(23, 14),
	(24, 14),
	(29, 14),
	(30, 14),
	(31, 14),
	(32, 14),
	(33, 14),
	(34, 14),
	(41, 14),
	(42, 14),
	(43, 14),
	(44, 14),
	(45, 14),
	(48, 14),
	(49, 14),
	(69, 14),
	(70, 14),
	(71, 14),
	(72, 14),
	(73, 14),
	(88, 14),
	(89, 14),
	(92, 14),
	(93, 14),
	(94, 14),
	(109, 14),
	(110, 14),
	(6, 15),
	(12, 15),
	(16, 15),
	(17, 15),
	(18, 15),
	(21, 15),
	(22, 15),
	(41, 15),
	(42, 15),
	(83, 15),
	(84, 15),
	(85, 15),
	(123, 15),
	(130, 15),
	(142, 15),
	(144, 15),
	(145, 15),
	(146, 15),
	(149, 15);

-- Volcando estructura para tabla pokemondb.tipo
CREATE TABLE IF NOT EXISTS `tipo` (
  `id_tipo` int NOT NULL AUTO_INCREMENT,
  `nombre` varchar(10) NOT NULL,
  `id_tipo_ataque` int NOT NULL,
  PRIMARY KEY (`id_tipo`),
  KEY `id_tipo_ataque` (`id_tipo_ataque`),
  CONSTRAINT `tipo_ibfk_1` FOREIGN KEY (`id_tipo_ataque`) REFERENCES `tipo_ataque` (`id_tipo_ataque`)
) ENGINE=InnoDB AUTO_INCREMENT=16 DEFAULT CHARSET=utf8mb4 COLLATE=utf8mb4_0900_ai_ci;

-- Volcando datos para la tabla pokemondb.tipo: ~15 rows (aproximadamente)
INSERT INTO `tipo` (`id_tipo`, `nombre`, `id_tipo_ataque`) VALUES
	(1, 'Agua', 2),
	(2, 'Bicho', 1),
	(3, 'Dragón', 2),
	(4, 'Eléctrico', 2),
	(5, 'Fantasma', 1),
	(6, 'Fuego', 2),
	(7, 'Hielo', 2),
	(8, 'Lucha', 1),
	(9, 'Normal', 1),
	(10, 'Planta', 2),
	(11, 'Psíquico', 2),
	(12, 'Roca', 1),
	(13, 'Tierra', 1),
	(14, 'Veneno', 1),
	(15, 'Volador', 1);

-- Volcando estructura para tabla pokemondb.tipo_ataque
CREATE TABLE IF NOT EXISTS `tipo_ataque` (
  `id_tipo_ataque` int NOT NULL AUTO_INCREMENT,
  `tipo` varchar(8) NOT NULL,
  PRIMARY KEY (`id_tipo_ataque`)
) ENGINE=InnoDB AUTO_INCREMENT=3 DEFAULT CHARSET=utf8mb4 COLLATE=utf8mb4_0900_ai_ci;

-- Volcando datos para la tabla pokemondb.tipo_ataque: ~2 rows (aproximadamente)
INSERT INTO `tipo_ataque` (`id_tipo_ataque`, `tipo`) VALUES
	(1, 'Físico'),
	(2, 'Especial');

-- Volcando estructura para tabla pokemondb.tipo_evolucion
CREATE TABLE IF NOT EXISTS `tipo_evolucion` (
  `id_tipo_evolucion` int NOT NULL,
  `tipo_evolucion` varchar(15) NOT NULL,
  PRIMARY KEY (`id_tipo_evolucion`)
) ENGINE=InnoDB DEFAULT CHARSET=utf8mb4 COLLATE=utf8mb4_0900_ai_ci;

-- Volcando datos para la tabla pokemondb.tipo_evolucion: ~3 rows (aproximadamente)
INSERT INTO `tipo_evolucion` (`id_tipo_evolucion`, `tipo_evolucion`) VALUES
	(1, 'Nivel'),
	(2, 'Piedra'),
	(3, 'Intercambio');

-- Volcando estructura para tabla pokemondb.tipo_forma_aprendizaje
CREATE TABLE IF NOT EXISTS `tipo_forma_aprendizaje` (
  `id_tipo_aprendizaje` int NOT NULL AUTO_INCREMENT,
  `tipo_aprendizaje` varchar(20) NOT NULL,
  PRIMARY KEY (`id_tipo_aprendizaje`)
) ENGINE=InnoDB AUTO_INCREMENT=4 DEFAULT CHARSET=utf8mb4 COLLATE=utf8mb4_0900_ai_ci;

-- Volcando datos para la tabla pokemondb.tipo_forma_aprendizaje: ~3 rows (aproximadamente)
INSERT INTO `tipo_forma_aprendizaje` (`id_tipo_aprendizaje`, `tipo_aprendizaje`) VALUES
	(1, 'MT'),
	(2, 'MO'),
	(3, 'Nivel');

-- Volcando estructura para tabla pokemondb.tipo_piedra
CREATE TABLE IF NOT EXISTS `tipo_piedra` (
  `id_tipo_piedra` int NOT NULL,
  `nombre_piedra` varchar(20) NOT NULL,
  PRIMARY KEY (`id_tipo_piedra`)
) ENGINE=InnoDB DEFAULT CHARSET=utf8mb4 COLLATE=utf8mb4_0900_ai_ci;

-- Volcando datos para la tabla pokemondb.tipo_piedra: ~5 rows (aproximadamente)
INSERT INTO `tipo_piedra` (`id_tipo_piedra`, `nombre_piedra`) VALUES
	(1, 'Piedra trueno'),
	(2, 'Piedra fuego'),
	(3, 'Piedra agua'),
	(4, 'Piedra lunar'),
	(5, 'Piedra hoja');

-- Eliminando tabla temporal y crear estructura final de VIEW
DROP TABLE IF EXISTS `cantidad_pokemons_tipo`;
CREATE ALGORITHM=UNDEFINED SQL SECURITY DEFINER VIEW `cantidad_pokemons_tipo` AS select count(0) AS `Cantidad`,`t`.`id_tipo` AS `id_tipo`,`t`.`nombre` AS `nombre` from ((`pokemon` `p` join `pokemon_tipo` `pt` on((`p`.`numero_pokedex` = `pt`.`numero_pokedex`))) join `tipo` `t` on((`pt`.`id_tipo` = `t`.`id_tipo`))) group by `t`.`nombre`,`t`.`id_tipo` order by `pt`.`id_tipo`
;

-- Eliminando tabla temporal y crear estructura final de VIEW
DROP TABLE IF EXISTS `pokemons_que_n0_evolucionan`;
CREATE ALGORITHM=UNDEFINED SQL SECURITY DEFINER VIEW `pokemons_que_n0_evolucionan` AS select `p`.`numero_pokedex` AS `numero_pokedex`,`p`.`nombre` AS `nombre` from (`pokemon` `p` join `evoluciona_de` `ed` on(((`p`.`numero_pokedex` = `ed`.`pokemon_evolucionado`) and exists(select `evoluciona_de`.`pokemon_origen` from `evoluciona_de` where (`evoluciona_de`.`pokemon_origen` = `p`.`numero_pokedex`)) is false)))
;

-- Eliminando tabla temporal y crear estructura final de VIEW
DROP TABLE IF EXISTS `pokemon_evolucion_piedra`;
CREATE ALGORITHM=UNDEFINED SQL SECURITY DEFINER VIEW `pokemon_evolucion_piedra` AS select `p`.`nombre` AS `Nombre_Pokemon` from (((`pokemon` `p` join `pokemon_forma_evolucion` `pfe` on((`p`.`numero_pokedex` = `pfe`.`numero_pokedex`))) join `forma_evolucion` `fe` on((`pfe`.`id_forma_evolucion` = `fe`.`id_forma_evolucion`))) join `tipo_evolucion` `te` on((`fe`.`tipo_evolucion` = `te`.`id_tipo_evolucion`))) where (lower(`te`.`tipo_evolucion`) = 'piedra')
;

/*!40103 SET TIME_ZONE=IFNULL(@OLD_TIME_ZONE, 'system') */;
/*!40101 SET SQL_MODE=IFNULL(@OLD_SQL_MODE, '') */;
/*!40014 SET FOREIGN_KEY_CHECKS=IFNULL(@OLD_FOREIGN_KEY_CHECKS, 1) */;
/*!40101 SET CHARACTER_SET_CLIENT=@OLD_CHARACTER_SET_CLIENT */;
/*!40111 SET SQL_NOTES=IFNULL(@OLD_SQL_NOTES, 1) */;
